1,湖州,885,8,4,12,2,美食,休闲茶饮,饮品/甜点
3,南昌,774,5,3,2,0,美食,休闲茶饮,奶茶
5,杭州,263,2,2,2,0,美食,休闲食品,生鲜水果
6,大连,1139,13,3,1,0,美食,烘焙糕点,面包
7,绍兴,145,13,3,9,2,美食,快餐,西式快餐
8,杭州,234,16,3,1,0,美食,休闲食品,生鲜水果
11,上海,134,12,3,1,0,美食,小吃,其它小吃
12,宁波,786,20,1,2,0,美食,中餐,东北菜
13,杭州,286,6,0,2,0,美食,快餐,中式快餐
14,深圳,862,7,1,4,2,美食,快餐,中式快餐
16,武汉,510,17,3,3,2,美食,小吃,其它小吃
17,厦门,707,15,2,7,2,美食,快餐,西式快餐
18,福州,260,7,4,1,0,美食,火锅,麻辣烫/串串香
19,上海,701,11,3,5,2,美食,休闲茶饮,饮品/甜点
20,广州,251,5,2,3,0,美食,汤/粥/煲/砂锅/炖菜,粥
21,上海,860,9,3,1,0,美食,烘焙糕点,蛋糕
22,重庆,777,6,2,3,2,美食,烘焙糕点,面包
24,温州,1058,12,2,2,1,美食,其他美食,西餐
25,昆明,354,14,3,9,2,美食,快餐,西式快餐
26,厦门,620,12,1,3,1,美食,快餐,中式快餐
27,济南,109,2,3,2,1,美食,快餐,中式快餐
28,泉州,975,14,2,4,2,美食,快餐,西式快餐
29,广州,552,6,1,2,0,美食,小吃,米粉/米线
30,中山,498,7,2,2,2,美食,快餐,西式快餐
34,南京,680,4,3,10,0,美食,休闲茶饮,奶茶
37,上海,639,9,3,4,2,美食,快餐,西式快餐
39,上海,205,9,2,6,0,美食,休闲食品,生鲜水果
41,上海,1054,10,3,9,2,美食,快餐,西式快餐
42,武汉,198,1,3,2,0,美食,休闲茶饮,奶茶
43,上饶,102,15,2,3,2,美食,快餐,西式快餐
44,郑州,1088,20,4,5,2,美食,火锅,川味/重庆火锅
45,宁波,436,16,1,0,0,美食,中餐,川菜
50,上海,93,14,3,0,2,美食,烘焙糕点,面包
51,北京,659,12,2,3,2,美食,快餐,中式快餐
52,绍兴,192,7,3,2,0,美食,休闲茶饮,奶茶
55,上海,357,10,3,8,2,美食,快餐,西式快餐
56,成都,55,14,3,6,2,美食,快餐,西式快餐
57,上海,229,14,2,8,2,美食,快餐,西式快餐
60,成都,730,8,3,5,2,美食,烘焙糕点,面包
61,厦门,203,4,3,1,0,美食,小吃,面点
62,盐城,872,15,3,7,2,美食,快餐,西式快餐
64,成都,197,1,4,6,0,美食,休闲茶饮,冰激凌
67,南京,297,7,1,2,0,美食,小吃,面点
70,北京,667,15,4,2,2,美食,烘焙糕点,蛋糕
71,北京,761,9,3,2,1,美食,烘焙糕点,面包
74,上海,898,12,1,1,0,美食,快餐,其它快餐
75,济南,1104,1,4,1,0,美食,休闲茶饮,奶茶
76,厦门,687,19,3,1,0,美食,烘焙糕点,面包
77,宁波,429,17,1,2,0,美食,休闲茶饮,咖啡厅
78,上海,699,8,1,1,0,美食,快餐,中式快餐
79,上海,1033,15,2,3,1,美食,快餐,中式快餐
81,上海,943,3,3,0,0,美食,休闲食品,生鲜水果
82,广州,47,6,1,4,1,美食,中餐,粤菜
83,无锡,180,12,3,5,1,美食,快餐,西式快餐
84,上海,697,11,3,3,0,美食,烘焙糕点,面包
85,苏州,138,12,3,5,2,美食,快餐,西式快餐
87,福州,122,5,2,1,0,美食,快餐,中式快餐
88,温州,665,13,3,13,2,美食,快餐,西式快餐
90,上海,507,15,3,6,2,美食,烘焙糕点,面包
93,深圳,813,5,0,1,0,美食,快餐,中式快餐
94,深圳,79,10,3,1,0,美食,烘焙糕点,其它烘焙糕点
95,济南,682,4,3,1,0,美食,小吃,面点
96,武汉,65,1,3,2,0,美食,小吃,面点
97,廊坊,240,4,3,0,0,美食,休闲食品,生鲜水果
98,广州,587,12,1,1,1,美食,快餐,中式快餐
99,沈阳,692,5,4,1,0,美食,休闲食品,生鲜水果
100,南京,215,8,3,13,2,美食,快餐,西式快餐
101,温州,585,5,3,3,0,美食,烧烤,中式烧烤
103,北京,977,4,1,1,0,美食,小吃,其它小吃
104,福州,939,13,2,5,2,美食,快餐,西式快餐
105,苏州,15,14,3,7,2,美食,快餐,西式快餐
107,杭州,1093,7,3,3,0,美食,休闲茶饮,奶茶
108,上海,1010,8,2,3,2,美食,快餐,西式快餐
111,北京,430,9,3,3,2,美食,休闲茶饮,饮品/甜点
114,上海,134,9,3,15,2,美食,快餐,西式快餐
115,杭州,89,6,2,6,0,美食,快餐,中式快餐
117,杭州,523,20,0,3,2,美食,中餐,江浙菜
118,北京,652,8,2,0,0,美食,快餐,中式快餐
119,保定,1087,10,3,2,2,美食,快餐,西式快餐
121,上海,406,8,3,3,2,美食,快餐,中式快餐
122,上海,572,16,3,1,0,美食,快餐,其它快餐
123,北京,114,10,2,3,0,美食,休闲食品,生鲜水果
125,大连,877,11,4,3,2,美食,快餐,西式快餐
126,成都,112,5,3,0,0,美食,小吃,其它小吃
127,武汉,317,13,1,3,1,美食,快餐,西式快餐
128,温州,665,20,2,1,2,美食,其他美食,西餐
131,武汉,917,15,4,3,0,美食,休闲食品,生鲜水果
132,柳州,768,13,3,2,0,美食,快餐,西式快餐
133,广州,494,10,2,2,0,美食,快餐,中式快餐
134,宁波,764,1,3,1,0,美食,小吃,其它小吃
135,上海,828,7,4,4,0,美食,休闲茶饮,奶茶
136,武汉,510,10,3,3,2,美食,烘焙糕点,面包
137,宁波,436,15,3,1,0,美食,烘焙糕点,面包
138,上海,642,16,1,4,0,美食,小吃,面点
139,上海,244,12,3,4,1,美食,快餐,西式快餐
143,北京,476,3,2,2,0,美食,快餐,中式快餐
144,上海,1054,5,4,2,0,美食,休闲茶饮,奶茶
145,台州,988,15,2,5,2,美食,快餐,西式快餐
149,厦门,955,3,2,4,0,美食,小吃,其它小吃
150,厦门,1080,12,4,2,0,美食,休闲茶饮,饮品/甜点
151,上海,809,9,2,3,1,美食,快餐,西式快餐
152,武汉,557,16,3,1,2,美食,休闲食品,零食
154,福州,330,1,1,0,0,美食,休闲食品,零食
155,江门,635,7,3,7,2,美食,快餐,西式快餐
157,北京,1154,14,3,7,2,美食,快餐,西式快餐
158,温州,840,8,3,2,0,美食,休闲食品,生鲜水果
159,金华,595,15,3,6,2,美食,快餐,西式快餐
161,南京,832,5,2,2,0,美食,小吃,其它小吃
164,武汉,435,1,3,1,0,美食,汤/粥/煲/砂锅/炖菜,砂锅/煲类/炖菜
165,南京,680,6,4,1,0,美食,休闲茶饮,饮品/甜点
166,北京,632,19,3,4,0,美食,其他美食,日韩料理
167,宁波,252,1,4,5,0,美食,小吃,其它小吃
169,南京,434,20,3,5,0,美食,中餐,西北菜
171,上海,709,8,3,7,2,美食,快餐,西式快餐
174,温州,936,2,4,3,0,美食,休闲食品,生鲜水果
176,常州,385,6,3,3,0,美食,休闲茶饮,奶茶
177,上海,415,11,3,5,2,美食,快餐,西式快餐
179,嘉兴,1136,10,3,3,2,美食,快餐,中式快餐
181,黄石,529,14,2,6,2,美食,快餐,西式快餐
182,聊城,455,11,3,2,2,美食,快餐,西式快餐
183,北京,42,9,3,12,2,美食,快餐,西式快餐
184,北京,464,17,2,2,0,美食,中餐,其它地方菜
185,广州,522,9,2,3,0,美食,休闲食品,其它休闲食品
186,苏州,504,13,3,9,2,美食,快餐,西式快餐
187,惠州,83,8,2,5,2,美食,快餐,西式快餐
188,苏州,990,9,4,3,2,美食,休闲茶饮,饮品/甜点
190,深圳,734,14,1,4,2,美食,快餐,西式快餐
191,深圳,531,7,3,4,1,美食,快餐,西式快餐
192,东莞,858,14,2,4,2,美食,快餐,西式快餐
193,西安,1070,13,3,9,2,美食,快餐,西式快餐
194,上海,1032,5,3,1,0,美食,休闲茶饮,奶茶
195,孝感,98,19,1,4,2,美食,其他美食,西餐
196,深圳,407,15,1,3,2,美食,快餐,西式快餐
197,绍兴,1063,9,3,2,0,美食,烘焙糕点,面包
198,南京,399,8,1,1,0,美食,快餐,中式快餐
200,上海,478,16,1,9,2,美食,快餐,西式快餐
201,南京,1053,4,3,0,0,美食,小吃,其它小吃
202,厦门,1107,1,2,1,0,美食,休闲食品,生鲜水果
204,佛山,738,10,3,3,2,美食,快餐,西式快餐
205,杭州,280,9,4,2,1,美食,烘焙糕点,蛋糕
206,南宁,353,20,1,1,2,美食,中餐,粤菜
207,北京,396,17,3,5,2,美食,中餐,川菜
209,常州,743,11,3,3,2,美食,休闲茶饮,饮品/甜点
210,武汉,788,14,3,7,2,美食,小吃,其它小吃
211,深圳,966,12,2,9,2,美食,快餐,西式快餐
212,南通,995,20,1,1,0,美食,中餐,江浙菜
213,温州,1058,1,4,2,0,美食,休闲食品,生鲜水果
214,深圳,1109,20,1,1,2,美食,中餐,江浙菜
215,北京,77,4,3,7,0,美食,休闲茶饮,奶茶
216,北京,376,14,4,3,2,美食,烘焙糕点,蛋糕
217,杭州,1092,13,3,20,2,美食,快餐,西式快餐
219,温州,236,11,3,1,0,美食,休闲食品,生鲜水果
220,杭州,378,20,3,2,0,美食,中餐,川菜
221,武汉,259,13,3,2,0,美食,烘焙糕点,面包
222,南昌,774,14,0,1,1,美食,休闲食品,零食
223,武汉,198,20,3,6,0,美食,火锅,麻辣烫/串串香
225,宁波,58,9,0,1,0,美食,快餐,中式快餐
226,广州,928,5,2,7,0,美食,快餐,中式快餐
227,西安,708,6,3,3,0,美食,休闲茶饮,饮品/甜点
229,佛山,881,9,3,3,2,美食,快餐,西式快餐
233,杭州,264,11,3,6,1,美食,烘焙糕点,面包
234,合肥,374,5,0,2,0,美食,快餐,中式快餐
235,合肥,775,5,4,6,0,美食,休闲茶饮,奶茶
236,苏州,63,9,2,2,2,美食,快餐,中式快餐
237,南宁,1137,10,3,1,0,美食,烘焙糕点,面包
238,北京,42,20,2,3,0,美食,快餐,中式快餐
239,宿迁,265,16,3,6,2,美食,快餐,西式快餐
240,上海,544,9,3,10,2,美食,快餐,西式快餐
241,上海,924,11,3,2,2,美食,烘焙糕点,面包
242,宁波,58,13,3,2,0,美食,休闲食品,生鲜水果
244,广州,44,2,3,2,0,美食,休闲茶饮,奶茶
245,绍兴,219,6,4,2,0,美食,休闲食品,零食
246,武汉,324,6,2,1,0,美食,小吃,其它小吃
248,上海,1019,10,3,0,1,美食,烘焙糕点,面包
249,宁波,166,16,3,1,0,美食,快餐,中式快餐
250,武汉,831,20,1,2,0,美食,烧烤,中式烧烤
251,北京,94,6,3,2,0,美食,快餐,中式快餐
252,深圳,491,13,3,7,2,美食,快餐,西式快餐
253,北京,1150,20,3,3,0,美食,中餐,海鲜
254,厦门,1107,1,4,1,0,美食,休闲茶饮,奶茶
255,北京,538,11,2,1,0,美食,快餐,中式快餐
258,蚌埠,159,12,3,8,2,美食,快餐,西式快餐
259,苏州,685,10,3,3,2,美食,休闲茶饮,饮品/甜点
260,金华,923,15,2,6,2,美食,快餐,西式快餐
261,南宁,1137,15,2,8,2,美食,快餐,西式快餐
262,宁波,150,9,3,3,0,美食,小吃,其它小吃
264,杭州,521,8,3,3,0,美食,休闲食品,生鲜水果
265,长沙,394,7,2,3,2,美食,快餐,中式快餐
266,沈阳,128,13,3,5,2,美食,快餐,西式快餐
267,金华,267,6,0,1,0,美食,快餐,中式快餐
269,上海,365,9,1,1,0,美食,快餐,中式快餐
270,广州,928,5,3,10,0,美食,快餐,中式快餐
271,广州,488,5,0,1,0,美食,快餐,其它快餐
272,杭州,280,1,4,3,0,美食,烘焙糕点,面包
273,济南,934,13,3,9,2,美食,快餐,西式快餐
274,深圳,733,7,2,4,2,美食,快餐,中式快餐
275,广州,8,4,3,2,0,美食,休闲食品,生鲜水果
277,上海,1054,20,3,2,2,美食,中餐,西北菜
278,广州,343,8,3,14,2,美食,快餐,西式快餐
279,广州,228,13,0,8,0,美食,快餐,西式快餐
280,武汉,812,15,3,2,0,美食,休闲茶饮,饮品/甜点
281,苏州,276,13,3,10,2,美食,快餐,西式快餐
283,大连,227,20,4,9,0,美食,中餐,海鲜
284,上海,924,9,3,0,0,美食,休闲茶饮,饮品/甜点
285,杭州,629,14,2,11,2,美食,快餐,中式快餐
286,温州,837,1,2,1,0,美食,中餐,江浙菜
287,苏州,276,15,3,13,2,美食,快餐,西式快餐
288,上海,906,18,3,2,1,美食,其他美食,西餐
289,深圳,1078,9,3,2,0,美食,快餐,中式快餐
291,上海,255,11,3,1,0,美食,快餐,其它快餐
294,南京,680,8,3,3,0,美食,汤/粥/煲/砂锅/炖菜,砂锅/煲类/炖菜
295,南昌,848,1,3,3,0,美食,休闲茶饮,奶茶
297,长沙,104,2,2,2,0,美食,休闲食品,生鲜水果
299,杭州,884,8,3,6,2,美食,快餐,中式快餐
300,杭州,72,11,3,1,0,美食,休闲食品,生鲜水果
302,武汉,209,1,0,0,0,美食,快餐,中式快餐
303,西安,708,15,3,5,2,美食,快餐,西式快餐
304,温州,969,15,3,15,2,美食,快餐,西式快餐
305,广州,439,8,3,7,2,美食,快餐,西式快餐
306,深圳,847,3,0,2,0,美食,快餐,中式快餐
307,绍兴,1082,14,3,4,2,美食,快餐,西式快餐
308,杭州,789,12,4,0,0,美食,小吃,米粉/米线
309,青岛,645,6,3,2,0,美食,快餐,中式快餐
311,北京,880,5,3,5,2,美食,快餐,中式快餐
312,嘉兴,1149,7,2,5,2,美食,快餐,中式快餐
313,深圳,983,2,0,3,0,美食,快餐,中式快餐
314,南京,399,15,4,2,0,美食,休闲茶饮,咖啡
315,上海,453,11,3,7,2,美食,快餐,西式快餐
316,杭州,681,2,4,2,0,美食,休闲茶饮,奶茶
317,苏州,902,5,2,1,0,美食,小吃,其它小吃
318,南京,680,18,3,4,0,美食,中餐,粤菜
319,上海,640,1,3,2,0,美食,小吃,面点
320,合肥,337,13,2,19,2,美食,快餐,西式快餐
321,杭州,258,10,1,1,0,美食,快餐,中式快餐
323,南京,680,11,3,10,2,美食,快餐,西式快餐
324,杭州,181,10,3,3,0,美食,休闲食品,生鲜水果
325,天津,30,8,4,6,2,美食,快餐,西式快餐
326,沈阳,929,20,3,2,0,美食,火锅,其它火锅
327,上海,924,17,2,1,1,美食,小吃,面点
328,杭州,146,12,4,5,2,美食,烘焙糕点,蛋糕
330,南京,680,18,3,1,0,美食,其他美食,日韩料理
331,武汉,277,1,0,1,0,美食,快餐,中式快餐
332,泰州,785,12,3,7,2,美食,快餐,西式快餐
333,上海,609,12,3,1,1,美食,烘焙糕点,蛋糕
334,杭州,827,2,3,1,0,美食,休闲食品,生鲜水果
335,广州,47,5,2,7,2,美食,快餐,中式快餐
336,上海,478,19,1,4,0,美食,火锅,其它火锅
337,佛山,559,10,2,8,2,美食,快餐,西式快餐
339,济南,38,17,4,3,0,美食,休闲茶饮,咖啡厅
340,杭州,760,18,4,1,0,美食,休闲食品,生鲜水果
341,宁波,133,14,3,11,2,美食,快餐,西式快餐
342,南京,680,2,4,2,0,美食,小吃,其它小吃
343,佛山,536,9,3,5,2,美食,快餐,西式快餐
344,广州,711,8,3,8,2,美食,快餐,西式快餐
345,丽水,432,14,3,6,2,美食,快餐,西式快餐
347,邯郸,604,7,3,3,2,美食,快餐,西式快餐
351,南京,215,6,3,2,0,美食,烘焙糕点,面包
353,北京,538,15,4,1,0,美食,小吃,其它小吃
355,南京,172,7,3,2,0,美食,小吃,其它小吃
356,广州,67,11,2,9,2,美食,快餐,西式快餐
358,上海,642,11,3,4,2,美食,快餐,西式快餐
359,南通,187,13,3,8,2,美食,快餐,西式快餐
361,南京,399,4,2,2,0,美食,快餐,中式快餐
362,济南,69,3,3,5,1,美食,快餐,中式快餐
364,佛山,82,20,0,4,0,美食,中餐,江浙菜
365,广州,577,13,2,4,2,美食,快餐,西式快餐
366,常州,390,3,2,1,0,美食,休闲食品,其它休闲食品
368,武汉,209,1,0,0,0,美食,快餐,中式快餐
369,南宁,484,10,3,6,2,美食,快餐,西式快餐
370,上海,809,8,3,8,2,美食,休闲茶饮,饮品/甜点
373,贵阳,783,11,3,2,2,美食,快餐,西式快餐
374,武汉,290,1,4,2,0,美食,休闲茶饮,奶茶
375,咸宁,320,16,2,3,2,美食,小吃,其它小吃
376,青岛,869,13,3,3,2,美食,快餐,西式快餐
378,南京,669,10,3,4,2,美食,快餐,中式快餐
379,杭州,523,20,1,2,0,美食,中餐,粤菜
380,绍兴,426,14,3,13,2,美食,快餐,西式快餐
381,杭州,303,16,2,1,2,美食,休闲食品,生鲜水果
382,杭州,849,15,3,3,2,美食,休闲食品,生鲜水果
383,杭州,897,5,4,3,0,美食,快餐,中式快餐
384,上海,642,19,2,1,0,美食,中餐,粤菜
385,福州,578,13,1,2,1,美食,快餐,西式快餐
386,上海,781,10,3,7,2,美食,快餐,西式快餐
387,杭州,1091,13,3,2,0,美食,快餐,西式快餐
388,北京,1038,13,3,3,0,美食,烘焙糕点,面包
389,上海,779,5,3,0,0,美食,快餐,中式快餐
390,北京,534,4,3,3,0,美食,休闲茶饮,奶茶
391,上海,1036,15,2,9,2,美食,快餐,西式快餐
394,徐州,689,2,3,4,0,美食,休闲茶饮,奶茶
395,上海,662,10,3,6,2,美食,快餐,西式快餐
396,杭州,1120,16,4,3,0,美食,其他美食,其他餐饮美食
397,上海,356,15,3,2,1,美食,烘焙糕点,面包
398,北京,376,9,3,3,2,美食,快餐,西式快餐
399,常州,743,16,3,11,2,美食,快餐,西式快餐
401,长沙,811,14,1,0,0,美食,休闲食品,零食
402,上海,679,8,3,6,2,美食,休闲茶饮,饮品/甜点
403,成都,730,20,2,5,0,美食,中餐,川菜
404,上海,191,13,3,7,2,美食,快餐,西式快餐
406,杭州,485,2,3,1,0,美食,快餐,中式快餐
407,上海,976,12,3,6,2,美食,烘焙糕点,面包
410,温州,100,2,3,1,0,美食,休闲茶饮,奶茶
411,南京,399,5,3,1,0,美食,小吃,其它小吃
412,广州,29,15,2,1,0,美食,中餐,西北菜
413,北京,574,12,2,4,0,美食,快餐,中式快餐
415,上海,924,5,1,0,0,美食,小吃,面点
416,深圳,1052,19,3,3,0,美食,其他美食,西餐
417,辽阳,1056,13,4,4,2,美食,快餐,西式快餐
418,常州,570,14,3,9,2,美食,快餐,西式快餐
419,广州,686,16,3,2,2,美食,快餐,西式快餐
421,绍兴,214,20,1,2,2,美食,烧烤,中式烧烤
422,长沙,1012,16,3,6,1,美食,休闲食品,生鲜水果
423,武汉,1128,4,3,3,0,美食,休闲茶饮,奶茶
425,上海,809,19,3,4,0,美食,中餐,西北菜
426,上海,229,16,2,2,0,美食,小吃,其它小吃
427,上海,642,20,3,2,0,美食,其他美食,日韩料理
428,厦门,1103,2,2,1,0,美食,休闲茶饮,饮品/甜点
429,株洲,6,14,3,4,2,美食,快餐,西式快餐
431,东莞,913,9,2,5,2,美食,快餐,西式快餐
432,沈阳,952,16,3,2,0,美食,休闲茶饮,饮品/甜点
434,武汉,269,20,1,0,0,美食,中餐,湖北菜
436,武汉,608,8,3,9,2,美食,快餐,西式快餐
437,深圳,562,8,0,1,0,美食,快餐,中式快餐
439,金华,45,12,1,2,0,美食,中餐,江浙菜
442,天津,1123,11,3,8,2,美食,快餐,西式快餐
443,上海,1061,13,2,1,0,美食,火锅,麻辣烫/串串香
444,无锡,177,15,3,1,0,美食,休闲食品,生鲜水果
445,武汉,37,7,2,1,0,美食,其他美食,其他餐饮美食
447,广州,552,5,1,5,2,美食,快餐,中式快餐
449,温州,1129,17,3,1,0,美食,休闲茶饮,冰激凌
451,杭州,405,20,4,6,2,美食,火锅,川味/重庆火锅
453,上海,830,15,3,2,0,美食,快餐,其它快餐
455,杭州,264,17,3,6,2,美食,休闲食品,生鲜水果
456,广州,257,7,2,5,2,美食,快餐,西式快餐
457,杭州,250,7,3,1,0,美食,其他美食,日韩料理
458,济南,767,14,2,8,2,美食,快餐,西式快餐
459,南京,673,20,1,2,0,美食,其他美食,自助餐
460,杭州,261,4,2,2,0,美食,中餐,其它地方菜
461,北京,86,15,3,0,1,美食,烘焙糕点,面包
462,济南,23,8,3,4,2,美食,快餐,西式快餐
464,北京,696,10,3,4,2,美食,快餐,西式快餐
466,武汉,1007,18,3,3,0,美食,休闲茶饮,饮品/甜点
468,广州,757,13,3,7,2,美食,快餐,西式快餐
469,北京,696,5,3,1,0,美食,快餐,中式快餐
470,上海,639,6,4,1,0,美食,小吃,其它小吃
471,南京,399,10,3,1,0,美食,休闲食品,美食特产
472,南京,377,9,4,12,2,美食,快餐,西式快餐
473,北京,916,5,2,0,0,美食,快餐,中式快餐
474,杭州,797,6,3,0,0,美食,休闲食品,生鲜水果
476,杭州,378,9,3,1,0,美食,小吃,其它小吃
477,杭州,287,11,2,1,0,美食,小吃,面点
478,深圳,810,14,3,2,2,美食,休闲食品,生鲜水果
480,珠海,664,15,2,4,2,美食,快餐,西式快餐
482,太原,925,15,3,7,2,美食,快餐,西式快餐
484,南京,796,20,4,2,0,美食,休闲食品,零食
485,杭州,181,12,1,2,0,美食,休闲食品,生鲜水果
487,上海,453,15,3,1,2,美食,休闲食品,生鲜水果
490,哈尔滨,451,16,4,1,0,美食,休闲茶饮,冰激凌
493,厦门,10,1,2,0,0,美食,烘焙糕点,面包
495,广州,552,17,0,2,0,美食,快餐,中式快餐
496,上海,478,10,3,2,0,美食,小吃,其它小吃
497,武汉,606,16,2,1,2,美食,小吃,其它小吃
498,南京,1126,4,3,2,0,美食,休闲食品,生鲜水果
499,濮阳,163,14,3,5,2,美食,快餐,西式快餐
500,杭州,264,20,2,5,2,美食,烧烤,中式烧烤
501,济南,528,1,4,1,0,美食,休闲茶饮,饮品/甜点
502,厦门,620,13,3,9,2,美食,快餐,西式快餐
503,苏州,48,13,2,3,1,美食,快餐,中式快餐
506,北京,632,15,3,1,1,美食,烘焙糕点,面包
507,福州,425,2,3,4,0,美食,休闲食品,生鲜水果
509,南昌,1135,16,2,3,2,美食,小吃,其它小吃
511,淮安,447,14,3,11,2,美食,快餐,西式快餐
512,武汉,1024,1,3,2,0,美食,休闲茶饮,奶茶
513,北京,367,5,3,3,0,美食,小吃,面点
514,杭州,884,11,2,1,0,美食,休闲食品,生鲜水果
516,苏州,922,5,2,1,0,美食,小吃,其它小吃
518,常州,452,12,3,1,1,美食,烘焙糕点,面包
519,上海,864,11,3,4,2,美食,快餐,西式快餐
521,上海,478,13,1,3,2,美食,快餐,西式快餐
522,深圳,991,20,2,6,2,美食,中餐,江浙菜
523,无锡,766,17,1,0,1,美食,快餐,其它快餐
524,杭州,378,6,3,0,0,美食,小吃,其它小吃
525,广州,335,12,3,3,2,美食,休闲食品,生鲜水果
526,无锡,1067,12,3,7,2,美食,快餐,西式快餐
527,杭州,303,9,3,1,0,美食,小吃,面点
529,南京,527,10,1,1,0,美食,快餐,中式快餐
530,深圳,847,3,0,6,0,美食,快餐,中式快餐
531,嘉兴,753,13,3,9,2,美食,快餐,西式快餐
532,杭州,89,9,3,0,0,美食,休闲食品,生鲜水果
534,杭州,1093,11,3,4,1,美食,休闲茶饮,冰激凌
537,扬州,547,14,3,4,1,美食,快餐,西式快餐
538,北京,1130,10,3,1,0,美食,休闲茶饮,冰激凌
539,福州,1,9,3,4,2,美食,快餐,西式快餐
542,杭州,908,9,1,1,0,美食,快餐,中式快餐
543,南京,399,2,3,1,0,美食,小吃,其它小吃
544,绍兴,418,10,3,4,0,美食,小吃,其它小吃
545,广州,228,9,2,1,0,美食,休闲食品,零食
546,佛山,1122,10,3,4,2,美食,快餐,西式快餐
547,厦门,10,1,3,1,0,美食,休闲茶饮,饮品/甜点
548,上海,1054,10,3,6,2,美食,快餐,西式快餐
549,常州,385,17,4,3,0,美食,烘焙糕点,面包
550,上海,1110,14,3,1,0,美食,火锅,麻辣烫/串串香
551,上海,554,10,2,1,1,美食,烘焙糕点,面包
552,杭州,740,9,2,2,0,美食,小吃,面点
554,福州,35,20,2,2,0,美食,其他美食,自助餐
555,杭州,131,7,4,2,0,美食,休闲食品,生鲜水果
557,广州,57,7,3,15,0,美食,快餐,中式快餐
558,广州,800,7,2,4,0,美食,休闲食品,生鲜水果
559,福州,122,3,2,1,0,美食,快餐,中式快餐
560,武汉,915,19,3,7,2,美食,小吃,其它小吃
562,杭州,378,6,3,0,0,美食,中餐,其它地方菜
563,龙岩,95,10,3,2,2,美食,快餐,西式快餐
564,宁波,762,16,2,9,2,美食,快餐,西式快餐
565,上海,406,8,3,7,2,美食,快餐,西式快餐
566,合肥,817,12,3,7,2,美食,快餐,西式快餐
568,湖州,1105,14,3,7,2,美食,快餐,西式快餐
569,福州,851,2,2,1,0,美食,烘焙糕点,面包
570,湖州,899,6,3,12,2,美食,快餐,西式快餐
571,上海,679,6,2,3,0,美食,快餐,中式快餐
572,杭州,1093,6,4,7,0,美食,休闲茶饮,奶茶
573,沈阳,475,15,4,4,2,美食,快餐,西式快餐
574,上海,1032,19,3,1,0,美食,其他美食,日韩料理
575,杭州,1091,10,1,2,0,美食,快餐,中式快餐
576,镇江,438,13,3,4,2,美食,快餐,西式快餐
579,上海,1113,15,2,3,0,美食,快餐,其它快餐
582,苏州,421,5,3,1,0,美食,休闲茶饮,奶茶
583,武汉,435,13,2,4,2,美食,快餐,西式快餐
585,上海,544,7,3,3,2,美食,休闲茶饮,饮品/甜点
586,南京,680,8,3,3,0,美食,小吃,面点
588,台州,84,20,1,1,0,美食,中餐,香锅/烤鱼
589,金华,1157,16,3,4,2,美食,快餐,西式快餐
591,咸阳,931,14,3,5,2,美食,快餐,西式快餐
593,南京,399,9,3,7,0,美食,休闲食品,其它休闲食品
594,济南,23,12,3,2,1,美食,休闲茶饮,奶茶
595,杭州,386,1,4,3,0,美食,休闲茶饮,奶茶
596,东莞,1055,13,2,3,2,美食,快餐,西式快餐
597,南京,96,10,3,2,0,美食,烘焙糕点,面包
599,杭州,275,16,3,0,0,美食,休闲食品,生鲜水果
600,上海,906,13,3,6,0,美食,快餐,其它快餐
604,上海,168,15,0,0,0,美食,快餐,中式快餐
607,杭州,835,10,2,2,0,美食,休闲食品,生鲜水果
610,郑州,957,12,3,7,2,美食,快餐,西式快餐
612,杭州,850,4,3,1,0,美食,休闲食品,其它休闲食品
614,上海,948,8,3,5,2,美食,快餐,中式快餐
615,常州,1079,13,3,4,2,美食,快餐,西式快餐
616,深圳,194,19,2,3,0,美食,中餐,粤菜
617,厦门,1107,2,4,1,0,美食,休闲茶饮,奶茶
619,深圳,966,20,0,5,2,美食,烧烤,中式烧烤
620,上海,662,4,3,2,0,美食,烘焙糕点,蛋糕
621,广州,928,3,0,1,0,美食,快餐,中式快餐
622,阜阳,951,14,2,5,2,美食,快餐,西式快餐
623,北京,51,16,3,3,0,美食,快餐,中式快餐
628,北京,601,9,3,8,2,美食,快餐,西式快餐
629,上海,846,10,3,4,2,美食,休闲茶饮,饮品/甜点
632,南昌,964,2,4,1,0,美食,休闲食品,生鲜水果
633,南京,401,7,1,1,0,美食,快餐,中式快餐
635,武汉,1018,1,3,1,0,美食,休闲茶饮,饮品/甜点
636,常州,31,1,4,2,0,美食,小吃,面点
638,深圳,862,15,4,9,0,美食,休闲茶饮,饮品/甜点
639,常州,321,9,3,5,2,美食,休闲茶饮,饮品/甜点
640,北京,113,17,4,3,0,美食,小吃,其它小吃
642,杭州,1093,4,2,3,0,美食,小吃,其它小吃
644,广州,36,7,3,1,0,美食,小吃,其它小吃
646,南京,175,3,4,1,0,美食,休闲食品,生鲜水果
648,南京,680,8,3,2,0,美食,休闲食品,其它休闲食品
651,杭州,280,3,2,5,0,美食,快餐,中式快餐
654,郑州,829,2,2,1,0,美食,休闲食品,生鲜水果
656,杭州,897,1,4,4,0,美食,休闲茶饮,奶茶
657,昆明,1152,10,3,3,2,美食,快餐,西式快餐
658,上海,1032,7,3,3,0,美食,小吃,其它小吃
659,深圳,195,7,2,3,2,美食,快餐,中式快餐
660,上海,1113,14,4,3,2,美食,休闲食品,生鲜水果
661,北京,479,18,3,3,2,美食,火锅,其它火锅
662,杭州,815,5,3,2,0,美食,小吃,面点
663,上海,709,4,3,3,2,美食,休闲茶饮,奶茶
664,哈尔滨,397,15,3,6,2,美食,快餐,西式快餐
665,杭州,1093,20,1,2,1,美食,中餐,江浙菜
666,成都,816,15,2,3,1,美食,快餐,西式快餐
667,杭州,287,11,1,5,0,美食,快餐,中式快餐
668,杭州,283,16,1,10,2,美食,快餐,西式快餐
669,佛山,1143,7,2,2,0,美食,小吃,米粉/米线
670,苏州,306,12,3,9,2,美食,快餐,西式快餐
672,杭州,523,16,3,2,0,美食,烘焙糕点,蛋糕
674,深圳,165,2,0,3,0,美食,快餐,中式快餐
675,梧州,164,4,3,6,2,美食,快餐,西式快餐
676,上海,414,13,3,7,2,美食,快餐,西式快餐
677,深圳,1109,8,2,2,1,美食,烘焙糕点,面包
680,厦门,21,2,2,0,0,美食,中餐,台湾菜
681,福州,765,15,2,5,2,美食,快餐,西式快餐
683,广州,552,20,1,2,0,美食,中餐,闽菜
684,沈阳,598,7,4,4,2,美食,快餐,西式快餐
686,上海,519,9,3,5,2,美食,休闲茶饮,饮品/甜点
689,上海,417,18,2,4,2,美食,快餐,中式快餐
692,日照,103,13,3,10,2,美食,快餐,西式快餐
693,武汉,557,5,2,0,0,美食,中餐,湘菜
694,上海,924,11,1,1,0,美食,快餐,中式快餐
695,杭州,264,20,3,9,2,美食,中餐,西北菜
697,南京,52,2,4,1,0,美食,快餐,西式快餐
699,上海,906,5,1,1,0,美食,快餐,中式快餐
700,南京,739,1,4,1,0,美食,烘焙糕点,蛋糕
701,南京,469,10,1,1,0,美食,快餐,中式快餐
702,杭州,250,11,3,5,1,美食,快餐,西式快餐
703,大连,495,3,3,3,0,美食,快餐,中式快餐
704,成都,641,6,4,8,2,美食,休闲茶饮,饮品/甜点
705,杭州,740,20,3,3,2,美食,其他美食,西餐
706,杭州,927,14,2,0,0,美食,快餐,中式快餐
707,深圳,991,11,0,1,0,美食,火锅,麻辣烫/串串香
708,深圳,281,10,2,7,2,美食,快餐,西式快餐
709,上海,921,17,2,3,1,美食,小吃,面点
710,深圳,991,11,3,8,2,美食,快餐,西式快餐
711,台州,926,15,3,1,0,美食,快餐,中式快餐
713,上海,420,10,2,4,2,美食,快餐,中式快餐
715,南京,149,13,3,19,2,美食,快餐,西式快餐
716,南京,680,11,2,2,2,美食,快餐,中式快餐
717,南京,434,4,3,3,0,美食,休闲茶饮,奶茶
718,合肥,374,3,2,1,0,美食,休闲食品,生鲜水果
721,南昌,179,1,2,1,0,美食,休闲食品,其它休闲食品
722,杭州,378,8,3,3,0,美食,小吃,面点
723,上海,554,8,3,4,0,美食,休闲茶饮,饮品/甜点
724,惠州,1074,11,3,3,2,美食,快餐,西式快餐
725,金华,3,11,4,2,2,美食,休闲茶饮,饮品/甜点
726,天津,992,9,4,6,2,美食,烘焙糕点,蛋糕
727,深圳,531,20,0,6,2,美食,烧烤,中式烧烤
729,扬州,806,13,3,15,2,美食,快餐,西式快餐
732,温州,1129,6,3,2,1,美食,休闲茶饮,奶茶
733,福州,425,1,3,1,0,美食,休闲食品,其它休闲食品
734,北京,968,15,3,6,2,美食,快餐,西式快餐
735,南宁,1137,5,3,1,0,美食,小吃,米粉/米线
737,广州,132,9,2,17,2,美食,快餐,西式快餐
738,温州,80,12,3,4,0,美食,烘焙糕点,蛋糕
740,杭州,871,17,3,4,2,美食,快餐,西式快餐
742,上海,417,4,3,4,0,美食,烘焙糕点,蛋糕
744,徐州,373,9,3,5,2,美食,快餐,西式快餐
745,上海,679,5,1,1,0,美食,小吃,面点
746,广州,235,9,3,5,2,美食,快餐,西式快餐
748,长沙,511,8,4,5,0,美食,休闲茶饮,奶茶
750,宁波,891,13,3,9,2,美食,快餐,西式快餐
751,南京,107,2,4,1,0,美食,休闲茶饮,奶茶
752,深圳,991,15,4,2,0,美食,休闲茶饮,奶茶
753,济南,767,11,3,4,2,美食,快餐,西式快餐
754,杭州,827,2,4,0,0,美食,休闲食品,生鲜水果
756,杭州,760,9,3,3,2,美食,烘焙糕点,蛋糕
759,上海,882,5,4,2,0,美食,休闲茶饮,奶茶
760,武汉,259,1,3,4,0,美食,休闲茶饮,饮品/甜点
761,深圳,194,14,0,1,0,美食,快餐,中式快餐
763,绍兴,167,3,3,3,0,美食,小吃,熟食
764,绍兴,167,9,3,1,1,美食,烘焙糕点,面包
765,上海,255,7,3,3,2,美食,休闲茶饮,饮品/甜点
767,汕尾,467,13,3,5,2,美食,快餐,西式快餐
768,金华,53,5,4,1,0,美食,休闲食品,零食
769,杭州,834,11,2,3,2,美食,快餐,西式快餐
770,杭州,349,7,3,2,1,美食,休闲茶饮,饮品/甜点
771,南宁,336,6,3,4,2,美食,快餐,西式快餐
772,天津,625,15,4,5,2,美食,烘焙糕点,面包
773,南京,919,13,3,11,2,美食,快餐,西式快餐
775,北京,713,10,3,11,2,美食,快餐,西式快餐
777,杭州,1094,6,0,2,0,美食,快餐,中式快餐
778,上海,937,11,2,1,0,美食,小吃,其它小吃
779,宁波,252,1,3,2,0,美食,休闲茶饮,奶茶
781,扬州,1000,13,3,13,2,美食,快餐,西式快餐
782,清远,97,10,3,3,2,美食,快餐,西式快餐
783,济南,934,7,3,1,0,美食,快餐,中式快餐
784,株洲,308,15,2,6,2,美食,快餐,西式快餐
786,济宁,463,15,4,4,2,美食,快餐,西式快餐
788,北京,614,1,3,5,1,美食,快餐,中式快餐
789,上海,1032,11,3,6,1,美食,快餐,西式快餐
790,杭州,287,6,3,1,1,美食,小吃,面点
791,成都,208,12,3,8,2,美食,快餐,西式快餐
794,武汉,737,2,0,0,0,美食,快餐,中式快餐
795,上海,1127,15,2,1,0,美食,中餐,粤菜
796,广州,36,9,3,2,0,美食,休闲茶饮,奶茶
797,铜陵,454,14,3,7,2,美食,快餐,西式快餐
798,北京,402,10,2,2,0,美食,快餐,中式快餐
799,苏州,790,20,4,6,2,美食,火锅,川味/重庆火锅
800,上海,545,6,4,5,0,美食,休闲茶饮,奶茶
801,武汉,278,3,3,1,0,美食,休闲茶饮,奶茶
802,厦门,620,19,0,4,2,美食,其他美食,西餐
803,武汉,117,1,2,0,0,美食,小吃,其它小吃
804,北京,564,17,4,2,0,美食,小吃,其它小吃
807,佛山,648,9,2,3,2,美食,快餐,西式快餐
808,武汉,524,13,1,18,2,美食,快餐,西式快餐
810,北京,42,9,2,1,0,美食,快餐,中式快餐
811,上海,1032,20,2,1,0,美食,中餐,粤菜
812,杭州,378,1,3,3,0,美食,快餐,中式快餐
813,北京,580,9,4,4,2,美食,休闲茶饮,饮品/甜点
817,上海,157,6,3,3,0,美食,烘焙糕点,蛋糕
818,上海,937,10,3,1,0,美食,烧烤,中式烧烤
819,北京,652,19,3,2,0,美食,烧烤,其它烧烤
822,杭州,688,20,3,1,0,美食,其他美食,西餐
824,上海,1065,18,3,1,0,美食,快餐,中式快餐
826,北京,1037,8,3,2,0,美食,快餐,西式快餐
828,南京,680,7,2,3,2,美食,快餐,中式快餐
829,杭州,521,7,2,9,0,美食,休闲食品,生鲜水果
830,哈尔滨,369,13,3,6,2,美食,快餐,西式快餐
831,南京,399,7,4,6,0,美食,休闲茶饮,奶茶
833,温州,61,16,2,1,2,美食,休闲食品,零食
834,上海,898,18,3,3,0,美食,其他美食,日韩料理
835,南京,1126,3,3,0,0,美食,烘焙糕点,其它烘焙糕点
837,成都,732,9,1,1,0,美食,中餐,川菜
840,武汉,812,12,2,6,2,美食,快餐,西式快餐
841,上海,679,12,4,2,2,美食,休闲食品,生鲜水果
842,上海,542,15,2,1,1,美食,快餐,西式快餐
844,武汉,653,19,2,6,1,美食,其他美食,西餐
847,杭州,523,11,3,3,0,美食,休闲茶饮,奶茶
848,深圳,862,9,3,11,2,美食,快餐,西式快餐
849,杭州,250,4,2,2,0,美食,小吃,其它小吃
850,杭州,40,15,1,20,2,美食,快餐,西式快餐
852,武汉,605,20,2,11,1,美食,其他美食,西餐
853,郑州,957,13,3,8,2,美食,快餐,西式快餐
855,北京,199,19,3,1,1,美食,其他美食,西餐
857,温州,693,20,2,1,0,美食,火锅,其它火锅
858,上海,639,9,2,1,0,美食,小吃,其它小吃
859,上海,1033,9,2,2,0,美食,休闲食品,生鲜水果
861,杭州,520,14,3,3,2,美食,烘焙糕点,蛋糕
862,上海,907,7,3,8,2,美食,休闲茶饮,饮品/甜点
863,杭州,850,7,3,0,0,美食,休闲食品,生鲜水果
867,北京,86,6,2,3,2,美食,快餐,中式快餐
868,苏州,933,9,3,3,0,美食,小吃,米粉/米线
870,苏州,312,16,3,7,0,美食,休闲食品,生鲜水果
871,舟山,628,10,2,2,2,美食,快餐,中式快餐
872,武汉,606,2,1,2,0,美食,快餐,中式快餐
873,上海,358,11,4,1,0,美食,快餐,中式快餐
876,福州,851,2,3,2,0,美食,烘焙糕点,蛋糕
877,武汉,1145,11,3,17,2,美食,快餐,西式快餐
879,深圳,305,12,0,2,0,美食,小吃,面点
881,上海,185,9,3,4,2,美食,休闲茶饮,饮品/甜点
882,淮安,1118,16,3,2,0,美食,休闲食品,零食
883,上海,497,5,3,1,0,美食,烘焙糕点,蛋糕
884,杭州,181,6,0,2,0,美食,快餐,中式快餐
885,武汉,65,20,4,9,2,美食,火锅,川味/重庆火锅
886,杭州,523,7,3,3,0,美食,快餐,中式快餐
887,武汉,435,20,1,6,2,美食,其他美食,西餐
888,成都,637,9,1,1,0,美食,小吃,面点
890,湛江,994,11,3,4,2,美食,快餐,西式快餐
891,杭州,264,9,3,20,2,美食,快餐,西式快餐
892,嘉兴,183,7,1,1,0,美食,快餐,中式快餐
893,三亚,404,16,2,5,2,美食,快餐,西式快餐
895,上海,924,16,3,1,0,美食,快餐,中式快餐
897,杭州,941,14,3,20,2,美食,快餐,西式快餐
898,深圳,79,6,2,2,2,美食,快餐,中式快餐
902,成都,816,7,3,4,2,美食,休闲茶饮,饮品/甜点
903,北京,836,11,4,1,2,美食,烘焙糕点,蛋糕
904,南京,633,20,3,3,0,美食,其他美食,日韩料理
907,青岛,645,5,4,4,1,美食,休闲茶饮,饮品/甜点
909,南京,434,13,3,8,2,美食,快餐,西式快餐
910,上海,1032,6,4,6,0,美食,休闲茶饮,奶茶
911,南昌,1144,12,2,6,2,美食,快餐,西式快餐
912,西安,942,5,2,2,0,美食,小吃,其它小吃
913,广州,552,8,3,3,0,美食,休闲茶饮,奶茶
914,杭州,954,17,3,1,0,美食,快餐,中式快餐
916,武汉,653,6,3,10,2,美食,快餐,西式快餐
918,武汉,605,8,2,2,0,美食,小吃,面点
919,上海,554,19,0,1,0,美食,其他美食,日韩料理
920,上海,642,8,4,1,0,美食,休闲茶饮,饮品/甜点
921,漳州,307,2,1,1,0,美食,快餐,中式快餐
922,苏州,196,16,3,3,0,美食,小吃,其它小吃
923,厦门,1103,9,3,1,0,美食,休闲茶饮,饮品/甜点
924,武汉,117,2,0,0,0,美食,快餐,中式快餐
925,北京,996,4,3,1,0,美食,快餐,中式快餐
926,青岛,677,14,3,7,2,美食,快餐,西式快餐
927,武汉,905,10,3,2,2,美食,中餐,川菜
928,深圳,49,7,1,3,2,美食,快餐,中式快餐
929,威海,108,14,3,5,2,美食,快餐,西式快餐
930,武汉,903,2,2,0,0,美食,火锅,麻辣烫/串串香
931,北京,375,8,3,2,0,美食,休闲食品,生鲜水果
932,杭州,286,9,2,3,1,美食,快餐,中式快餐
933,杭州,264,5,3,2,1,美食,烘焙糕点,蛋糕
935,北京,512,8,2,3,2,美食,快餐,中式快餐
936,上海,1023,20,2,1,2,美食,烧烤,中式烧烤
937,成都,816,12,3,5,0,美食,烘焙糕点,其它烘焙糕点
939,杭州,815,3,3,1,0,美食,烘焙糕点,其它烘焙糕点
942,长沙,193,7,3,1,0,美食,烘焙糕点,面包
943,苏州,902,6,2,3,0,美食,小吃,其它小吃
944,合肥,337,9,3,1,2,美食,烘焙糕点,其它烘焙糕点
945,郑州,960,10,0,2,0,美食,快餐,中式快餐
948,北京,1108,5,3,1,0,美食,小吃,其它小吃
949,青岛,206,16,3,2,0,美食,小吃,米粉/米线
951,上海,554,4,2,2,0,美食,小吃,面点
952,大连,495,11,3,1,0,美食,烘焙糕点,其它烘焙糕点
953,上海,507,15,4,3,0,美食,小吃,面点
954,绍兴,219,2,4,1,0,美食,小吃,其它小吃
956,宁波,245,17,3,1,0,美食,休闲食品,其它休闲食品
958,深圳,562,3,0,2,0,美食,火锅,其它火锅
959,杭州,521,5,2,4,0,美食,休闲食品,零食
960,南京,284,1,3,1,0,美食,小吃,面点
961,北京,610,10,3,14,2,美食,快餐,西式快餐
962,嘉兴,395,17,3,3,0,美食,休闲食品,零食
963,上海,1127,16,1,1,0,美食,快餐,中式快餐
964,南京,469,9,2,5,0,美食,小吃,其它小吃
965,广州,173,15,2,2,2,美食,休闲食品,生鲜水果
966,苏州,933,3,3,2,0,美食,小吃,面点
967,南京,680,5,2,2,0,美食,小吃,面点
969,温州,1129,20,1,3,2,美食,中餐,江浙菜
972,金华,1158,14,3,14,2,美食,快餐,西式快餐
974,武汉,608,1,3,0,0,美食,小吃,熟食
975,广州,36,11,2,5,2,美食,快餐,西式快餐
977,广州,746,6,1,3,0,美食,快餐,中式快餐
980,长沙,646,9,3,4,2,美食,快餐,西式快餐
981,武汉,524,11,2,2,2,美食,中餐,川菜
982,上海,420,17,2,2,1,美食,快餐,中式快餐
983,北京,222,5,1,1,0,美食,休闲食品,生鲜水果
984,天津,728,9,4,8,2,美食,休闲茶饮,饮品/甜点
987,上海,1032,18,3,1,0,美食,汤/粥/煲/砂锅/炖菜,粥
989,杭州,1120,15,3,2,0,美食,小吃,面点
990,苏州,400,10,3,9,2,美食,快餐,西式快餐
992,武汉,510,5,2,2,0,美食,快餐,中式快餐
993,上海,417,9,2,1,0,美食,小吃,其它小吃
994,嘉兴,938,11,3,1,1,美食,休闲茶饮,奶茶
996,北京,601,9,2,3,0,美食,休闲食品,生鲜水果
997,绍兴,219,2,3,2,0,美食,小吃,米粉/米线
999,深圳,991,7,3,9,2,美食,快餐,西式快餐
1000,广州,552,20,1,4,2,美食,中餐,川菜
1001,合肥,838,20,0,1,0,美食,中餐,江浙菜
1002,北京,113,10,3,1,0,美食,休闲茶饮,冰激凌
1003,杭州,264,18,2,0,0,美食,中餐,其它地方菜
1004,广州,590,3,2,1,0,美食,休闲食品,其它休闲食品
1005,杭州,485,1,4,0,0,美食,小吃,面点
1008,成都,637,20,2,2,0,美食,火锅,麻辣烫/串串香
1009,杭州,850,3,3,2,1,美食,休闲茶饮,饮品/甜点
1010,北京,517,6,4,1,0,美食,小吃,其它小吃
1012,苏州,933,7,3,1,0,美食,快餐,中式快餐
1014,南京,715,11,1,1,0,美食,快餐,中式快餐
1015,温州,442,11,3,0,0,美食,休闲食品,生鲜水果
1016,宁波,786,19,3,0,0,美食,休闲食品,生鲜水果
1019,舟山,169,9,2,3,2,美食,快餐,中式快餐
1023,葫芦岛,282,14,3,4,2,美食,快餐,西式快餐
1026,广州,156,17,2,3,0,美食,休闲食品,其它休闲食品
1027,武汉,945,11,3,3,0,美食,快餐,中式快餐
1029,杭州,181,9,3,2,0,美食,小吃,面点
1030,北京,1130,14,4,3,2,美食,烘焙糕点,面包
1031,青岛,769,19,3,2,0,美食,中餐,其它地方菜
1032,杭州,1097,14,4,4,2,美食,休闲食品,生鲜水果
1033,深圳,981,13,3,3,2,美食,快餐,西式快餐
1034,太原,619,9,3,6,2,美食,快餐,西式快餐
1035,南京,673,13,3,12,2,美食,快餐,西式快餐
1036,武汉,213,4,3,2,0,美食,烘焙糕点,面包
1037,深圳,596,9,3,5,2,美食,快餐,西式快餐
1040,西安,75,7,3,2,0,美食,休闲茶饮,饮品/甜点
1043,武汉,1081,9,3,6,2,美食,快餐,西式快餐
1044,武汉,435,10,2,1,2,美食,中餐,川菜
1047,深圳,194,5,0,1,0,美食,快餐,中式快餐
1049,深圳,531,7,3,5,2,美食,快餐,西式快餐
1050,南通,127,2,3,1,0,美食,休闲食品,生鲜水果
1051,上海,497,15,3,2,2,美食,休闲食品,生鲜水果
1054,南京,1106,2,4,1,0,美食,休闲茶饮,奶茶
1055,南京,172,4,4,3,0,美食,休闲茶饮,奶茶
1056,上海,709,4,3,4,2,美食,休闲茶饮,奶茶
1057,杭州,592,11,0,1,0,美食,快餐,中式快餐
1058,南昌,179,1,3,2,0,美食,休闲茶饮,冰激凌
1059,苏州,220,15,2,2,0,美食,休闲食品,生鲜水果
1060,广州,853,2,2,1,0,美食,烘焙糕点,面包
1061,广州,541,11,2,12,2,美食,快餐,西式快餐
1062,天津,992,9,4,6,2,美食,快餐,西式快餐
1065,武汉,435,1,3,1,0,美食,小吃,面点
1066,北京,1101,9,3,6,2,美食,快餐,西式快餐
1067,福州,851,2,1,1,0,美食,休闲食品,生鲜水果
1068,上海,609,13,2,2,1,美食,快餐,中式快餐
1071,宁波,764,2,2,2,0,美食,休闲食品,生鲜水果
1073,南京,73,12,4,1,0,美食,中餐,其它地方菜
1074,上海,134,7,3,2,0,美食,小吃,其它小吃
1075,台州,755,11,2,3,1,美食,快餐,中式快餐
1076,苏州,310,12,3,1,0,美食,休闲食品,其它休闲食品
1077,长沙,26,14,3,2,2,美食,快餐,西式快餐
1078,福州,851,2,4,1,0,美食,小吃,其它小吃
1079,沈阳,598,12,4,7,2,美食,快餐,西式快餐
1082,深圳,332,19,4,1,0,美食,其他美食,西餐
1083,成都,232,3,3,3,0,美食,休闲食品,生鲜水果
1084,南通,27,14,3,6,2,美食,快餐,西式快餐
1085,南昌,1131,10,3,5,2,美食,快餐,西式快餐
1086,北京,322,12,3,3,0,美食,休闲食品,生鲜水果
1087,北京,1038,20,3,4,1,美食,中餐,江浙菜
1088,上海,725,10,3,1,1,美食,烘焙糕点,面包
1089,上海,809,16,3,1,2,美食,休闲茶饮,饮品/甜点
1091,济南,824,4,2,2,1,美食,快餐,中式快餐
1092,上海,315,11,3,7,2,美食,快餐,西式快餐
1093,武汉,1024,5,0,1,0,美食,其他美食,其他餐饮美食
1094,上海,466,13,3,7,2,美食,快餐,西式快餐
1096,上海,639,10,3,1,0,美食,快餐,中式快餐
1097,东营,477,14,2,4,2,美食,快餐,西式快餐
1098,武汉,85,1,2,1,0,美食,快餐,中式快餐
1099,广州,155,17,2,2,0,美食,中餐,西北菜
1100,上海,489,18,4,2,0,美食,休闲茶饮,饮品/甜点
1101,苏州,745,13,3,6,2,美食,快餐,西式快餐
1102,广州,1076,10,3,7,2,美食,快餐,西式快餐
1103,温州,936,2,3,1,0,美食,休闲食品,零食
1105,杭州,250,7,3,2,0,美食,小吃,熟食
1106,成都,112,1,2,0,0,美食,快餐,中式快餐
1107,湖州,885,6,3,1,0,美食,休闲茶饮,奶茶
1108,南京,1126,20,4,6,2,美食,火锅,川味/重庆火锅
1109,北京,772,12,3,8,2,美食,快餐,西式快餐
1110,杭州,286,14,3,3,0,美食,小吃,面点
1112,深圳,1028,11,2,7,2,美食,快餐,西式快餐
1114,上海,943,1,4,1,0,美食,小吃,面点
1115,北京,388,12,1,2,2,美食,快餐,中式快餐
1117,广州,11,9,3,8,2,美食,快餐,西式快餐
1118,杭州,1093,15,3,4,2,美食,小吃,其它小吃
1119,杭州,378,16,3,1,0,美食,小吃,米粉/米线
1120,青岛,325,13,3,4,2,美食,快餐,西式快餐
1121,厦门,955,13,2,11,2,美食,快餐,西式快餐
1122,珠海,719,2,4,4,0,美食,休闲食品,其它休闲食品
1124,武汉,416,10,3,4,1,美食,休闲茶饮,冰激凌
1125,广州,47,14,1,14,2,美食,快餐,西式快餐
1126,淮安,963,13,3,6,2,美食,快餐,西式快餐
1127,福州,611,12,3,2,2,美食,烘焙糕点,面包
1128,武汉,290,16,3,3,2,美食,小吃,其它小吃
1129,南昌,591,15,2,6,2,美食,快餐,西式快餐
1130,温州,174,9,3,1,0,美食,休闲食品,生鲜水果
1131,济南,443,2,3,2,1,美食,快餐,中式快餐
1134,长沙,1138,13,2,6,2,美食,快餐,西式快餐
1135,苏州,1147,12,3,11,2,美食,快餐,西式快餐
1138,南京,1126,8,3,2,0,美食,小吃,面点
1139,佛山,88,12,2,6,2,美食,快餐,西式快餐
1140,上海,1032,15,3,2,0,美食,汤/粥/煲/砂锅/炖菜,砂锅/煲类/炖菜
1141,济南,111,4,3,2,0,美食,小吃,米粉/米线
1142,石家庄,703,19,3,2,0,美食,中餐,其它地方菜
1143,温州,693,4,4,3,0,美食,休闲茶饮,奶茶
1145,上海,247,10,3,1,0,美食,烘焙糕点,面包
1147,南京,680,9,1,3,0,美食,休闲食品,生鲜水果
1149,南昌,886,6,2,1,0,美食,快餐,西式快餐
1151,深圳,734,9,2,8,2,美食,快餐,西式快餐
1152,上海,1116,10,3,4,0,美食,烘焙糕点,面包
1153,上海,1065,8,3,6,2,美食,快餐,西式快餐
1154,常州,390,6,2,1,0,美食,快餐,中式快餐
1155,温州,442,15,3,1,0,美食,休闲食品,生鲜水果
1157,北京,1043,5,2,1,0,美食,小吃,其它小吃
1159,杭州,521,15,2,2,0,美食,中餐,东北菜
1161,泉州,147,12,2,3,2,美食,快餐,西式快餐
1162,上海,519,10,3,1,0,美食,烘焙糕点,蛋糕
1163,上海,1032,16,3,1,0,美食,小吃,面点
1164,大连,16,6,4,4,2,美食,休闲茶饮,饮品/甜点
1165,广州,568,11,2,7,2,美食,快餐,西式快餐
1166,苏州,470,12,3,6,2,美食,快餐,西式快餐
1169,温州,211,16,1,3,0,美食,休闲食品,生鲜水果
1171,淮安,959,14,2,5,2,美食,快餐,西式快餐
1172,温州,585,20,1,3,2,美食,其他美食,西餐
1173,杭州,895,15,3,3,1,美食,快餐,西式快餐
1175,西安,487,6,3,3,0,美食,小吃,其它小吃
1177,杭州,978,11,3,3,0,美食,休闲食品,生鲜水果
1178,福州,122,5,1,2,0,美食,快餐,中式快餐
1179,南昌,964,3,3,1,0,美食,小吃,米粉/米线
1180,杭州,1093,9,3,3,1,美食,烘焙糕点,面包
1181,绍兴,615,15,3,12,2,美食,快餐,西式快餐
1182,深圳,531,8,3,2,0,美食,休闲茶饮,奶茶
1184,武汉,606,5,3,4,0,美食,休闲茶饮,奶茶
1185,武汉,209,1,1,0,0,美食,快餐,中式快餐
1187,镇江,372,13,3,5,2,美食,快餐,西式快餐
1188,武汉,737,1,3,2,0,美食,休闲茶饮,奶茶
1189,郑州,1151,1,3,0,0,美食,中餐,其它地方菜
1190,苏州,314,13,3,18,2,美食,快餐,西式快餐
1192,北京,430,18,3,3,2,美食,火锅,其它火锅
1193,上海,642,7,4,1,0,美食,休闲茶饮,奶茶
1195,温州,1006,14,2,6,2,美食,快餐,西式快餐
1197,北京,1096,10,3,10,2,美食,快餐,西式快餐
1198,上海,643,15,3,2,2,美食,休闲食品,生鲜水果
1201,宁波,436,7,3,4,0,美食,休闲食品,生鲜水果
1202,江门,1016,6,2,3,2,美食,快餐,西式快餐
1203,上海,153,5,3,4,2,美食,休闲茶饮,奶茶
1205,绍兴,634,4,4,2,0,美食,休闲食品,生鲜水果
1207,天津,1004,12,3,5,2,美食,快餐,西式快餐
1208,福州,226,15,3,3,1,美食,快餐,西式快餐
1209,上海,153,19,1,1,0,美食,中餐,粤菜
1210,南宁,804,15,2,4,2,美食,快餐,西式快餐
1211,南京,399,8,3,9,2,美食,快餐,西式快餐
1213,北京,86,11,3,6,2,美食,烘焙糕点,面包
1214,上海,255,7,1,0,0,美食,中餐,上海本帮菜
1216,武汉,653,8,1,1,0,美食,快餐,中式快餐
1217,西安,171,15,2,10,2,美食,快餐,西式快餐
1219,西安,1020,8,3,4,2,美食,快餐,西式快餐
1221,合肥,814,5,4,7,0,美食,休闲茶饮,奶茶
1222,成都,274,9,1,2,0,美食,快餐,中式快餐
1223,上海,1127,6,3,1,0,美食,其他美食,日韩料理
1224,无锡,805,14,2,5,2,美食,快餐,西式快餐
1225,深圳,195,5,1,1,0,美食,快餐,中式快餐
1230,南京,1155,2,4,1,0,美食,小吃,米粉/米线
1233,长沙,618,9,3,3,2,美食,快餐,西式快餐
1234,郑州,549,6,3,4,2,美食,快餐,西式快餐
1235,南京,172,8,2,1,0,美食,快餐,中式快餐
1237,北京,1099,11,3,5,2,美食,快餐,西式快餐
1240,武汉,85,1,2,0,0,美食,快餐,中式快餐
1241,上海,1054,6,4,2,0,美食,休闲茶饮,奶茶
1242,绍兴,214,6,2,2,2,美食,快餐,中式快餐
1243,西安,1156,1,3,1,0,美食,休闲茶饮,奶茶
1244,武汉,825,12,3,14,2,美食,快餐,西式快餐
1246,杭州,1093,14,2,2,0,美食,快餐,其它快餐
1247,苏州,902,7,3,3,0,美食,快餐,中式快餐
1249,杭州,520,12,3,4,2,美食,快餐,中式快餐
1251,杭州,124,7,3,3,0,美食,休闲食品,生鲜水果
1252,南京,680,16,3,4,2,美食,小吃,其它小吃
1255,黄山,25,16,2,5,2,美食,快餐,西式快餐
1258,杭州,485,2,4,3,1,美食,休闲茶饮,饮品/甜点
1259,宜昌,1084,10,2,3,0,美食,快餐,中式快餐
1260,武汉,1072,6,2,1,0,美食,休闲食品,生鲜水果
1261,北京,42,15,2,2,0,美食,快餐,其它快餐
1262,南京,680,12,3,3,2,美食,烘焙糕点,面包
1265,南昌,848,1,2,1,0,美食,休闲茶饮,奶茶
1270,北京,113,11,3,2,2,美食,休闲茶饮,冰激凌
1272,成都,474,1,3,1,0,美食,小吃,其它小吃
1273,南京,499,11,3,8,2,美食,快餐,西式快餐
1274,广州,853,1,3,0,0,美食,休闲茶饮,饮品/甜点
1275,徐州,348,14,1,8,2,美食,快餐,西式快餐
1276,深圳,813,6,1,2,0,美食,快餐,中式快餐
1277,青岛,603,14,3,5,2,美食,快餐,西式快餐
1278,镇江,62,5,3,1,0,美食,休闲茶饮,饮品/甜点
1280,宁波,207,8,3,1,0,美食,火锅,麻辣烫/串串香
1281,无锡,460,11,3,5,2,美食,快餐,西式快餐
1282,武汉,1007,7,2,2,2,美食,快餐,中式快餐
1284,合肥,720,12,3,4,2,美食,快餐,西式快餐
1285,杭州,849,10,0,1,0,美食,快餐,中式快餐
1286,北京,256,18,4,2,0,美食,小吃,其它小吃
1287,武汉,608,5,3,2,0,美食,休闲食品,零食
1288,杭州,1094,4,3,2,2,美食,休闲茶饮,奶茶
1289,上海,554,20,1,1,0,美食,中餐,台湾菜
1290,郑州,962,6,4,2,1,美食,休闲茶饮,饮品/甜点
1291,广州,552,20,2,6,2,美食,中餐,川菜
1292,广州,711,7,3,10,2,美食,快餐,西式快餐
1293,杭州,264,9,3,4,2,美食,烘焙糕点,蛋糕
1294,深圳,194,6,2,2,2,美食,快餐,西式快餐
1295,重庆,272,16,3,2,0,美食,烘焙糕点,蛋糕
1297,北京,19,10,3,8,2,美食,快餐,西式快餐
1298,苏州,868,8,4,2,0,美食,休闲茶饮,奶茶
1299,无锡,68,13,3,9,2,美食,快餐,西式快餐
1300,杭州,485,3,3,2,0,美食,小吃,其它小吃
1301,潍坊,560,9,4,4,2,美食,休闲茶饮,饮品/甜点
1305,金华,201,1,2,0,0,美食,小吃,其它小吃
1307,温州,936,6,4,1,0,美食,休闲食品,零食
1308,杭州,146,6,2,11,0,美食,快餐,中式快餐
1309,上海,554,9,2,5,1,美食,烘焙糕点,蛋糕
1311,广州,488,20,2,5,2,美食,其他美食,西餐
1312,莆田,190,10,3,5,2,美食,快餐,西式快餐
1313,汉中,744,15,3,6,2,美食,快餐,西式快餐
1314,深圳,407,9,3,5,2,美食,快餐,西式快餐
1315,北京,396,11,3,13,2,美食,快餐,西式快餐
1316,上海,1061,18,2,2,0,美食,其他美食,日韩料理
1317,上海,1110,10,3,1,1,美食,烘焙糕点,面包
1318,杭州,1093,4,3,3,1,美食,休闲茶饮,饮品/甜点
1319,深圳,237,8,3,3,2,美食,快餐,中式快餐
1320,上海,1127,15,0,1,0,美食,中餐,其它地方菜
1321,上海,1114,18,4,1,0,美食,休闲食品,生鲜水果
1322,杭州,1093,20,4,8,2,美食,火锅,川味/重庆火锅
1323,成都,563,1,3,0,0,美食,休闲茶饮,饮品/甜点
1324,南京,73,10,3,9,2,美食,快餐,西式快餐
1325,武汉,317,11,3,4,1,美食,烘焙糕点,蛋糕
1328,北京,249,19,2,2,0,美食,中餐,其它地方菜
1330,东莞,1048,9,2,2,2,美食,快餐,西式快餐
1331,上海,153,11,3,1,0,美食,其他美食,日韩料理
1332,杭州,1093,15,3,14,2,美食,快餐,西式快餐
1333,广州,973,1,3,1,0,美食,休闲食品,其它休闲食品
1335,苏州,389,9,3,5,2,美食,快餐,西式快餐
1337,南京,673,19,3,2,0,美食,其他美食,日韩料理
1338,上海,924,7,2,2,2,美食,快餐,中式快餐
1339,无锡,751,12,3,9,2,美食,快餐,西式快餐
1340,北京,574,18,3,4,0,美食,中餐,其它地方菜
1341,广州,228,4,3,3,0,美食,快餐,中式快餐
1342,宁波,436,13,2,2,0,美食,烘焙糕点,面包
1343,杭州,1094,8,3,3,1,美食,烘焙糕点,蛋糕
1345,杭州,146,4,4,2,0,美食,小吃,其它小吃
1347,深圳,195,10,2,11,2,美食,快餐,西式快餐
1348,上海,501,10,3,4,2,美食,快餐,西式快餐
1349,杭州,668,14,3,3,2,美食,烘焙糕点,蛋糕
1350,杭州,1093,12,3,20,2,美食,快餐,西式快餐
1351,宁波,436,6,3,2,0,美食,休闲茶饮,奶茶
1352,深圳,368,12,3,7,2,美食,快餐,西式快餐
1353,深圳,862,4,0,3,0,美食,快餐,中式快餐
1354,杭州,225,8,3,8,0,美食,快餐,中式快餐
1355,南京,215,10,3,18,2,美食,快餐,西式快餐
1356,嘉兴,569,13,2,10,2,美食,快餐,西式快餐
1359,青岛,1015,13,3,6,2,美食,快餐,西式快餐
1362,长治,224,15,3,6,2,美食,快餐,西式快餐
1363,杭州,974,15,3,3,2,美食,烘焙糕点,蛋糕
1364,杭州,941,20,2,1,2,美食,中餐,粤菜
1365,南京,399,10,3,18,2,美食,快餐,西式快餐
1366,上海,1127,16,2,1,0,美食,其他美食,其他餐饮美食
1367,杭州,629,13,3,2,1,美食,快餐,西式快餐
1369,杭州,631,15,3,2,2,美食,休闲食品,生鲜水果
1370,济南,318,1,4,2,0,美食,休闲茶饮,奶茶
1371,北京,916,17,4,3,1,美食,快餐,中式快餐
1372,深圳,847,2,0,9,0,美食,快餐,中式快餐
1374,天津,684,6,3,2,0,美食,快餐,西式快餐
1375,武汉,979,3,3,1,0,美食,烘焙糕点,面包
1376,武汉,1024,10,2,3,2,美食,中餐,川菜
1377,烟台,556,14,3,13,2,美食,快餐,西式快餐
1378,广州,57,10,3,2,0,美食,烘焙糕点,面包
1380,青岛,291,4,4,2,1,美食,休闲茶饮,奶茶
1383,杭州,485,1,3,1,0,美食,小吃,其它小吃
1384,武汉,602,14,2,0,0,美食,快餐,其它快餐
1386,宁波,798,13,3,1,0,美食,烘焙糕点,面包
1387,上海,626,9,3,4,0,美食,烘焙糕点,蛋糕
1388,肇庆,246,14,3,6,2,美食,快餐,西式快餐
1389,大连,970,13,4,8,2,美食,快餐,西式快餐
1390,天津,690,8,2,1,0,美食,快餐,中式快餐
1391,武汉,85,1,1,0,0,美食,快餐,中式快餐
1392,杭州,1091,3,0,3,0,美食,其他美食,其他餐饮美食
1393,衢州,893,15,3,7,2,美食,快餐,西式快餐
1395,苏州,961,12,3,7,2,美食,快餐,西式快餐
1398,上海,643,17,3,2,2,美食,休闲茶饮,饮品/甜点
1399,北京,580,10,3,4,1,美食,烘焙糕点,面包
1400,宁波,764,1,3,0,0,美食,小吃,其它小吃
1401,广州,155,15,3,3,2,美食,快餐,西式快餐
1402,杭州,286,5,3,1,0,美食,小吃,其它小吃
1404,上海,924,7,2,2,0,美食,火锅,麻辣烫/串串香
1405,南京,399,11,2,1,0,美食,休闲食品,生鲜水果
1407,杭州,884,2,2,1,0,美食,小吃,其它小吃
1408,合肥,814,7,0,1,0,美食,快餐,中式快餐
1409,上海,943,7,2,2,2,美食,快餐,中式快餐
1410,金华,1158,14,3,11,2,美食,快餐,西式快餐
1411,上海,339,13,3,6,2,美食,快餐,西式快餐
1412,泰州,638,13,3,10,2,美食,快餐,西式快餐
1413,杭州,144,5,3,1,0,美食,快餐,中式快餐
1416,绍兴,1063,5,4,3,0,美食,休闲茶饮,奶茶
1418,郑州,1151,1,2,0,0,美食,中餐,其它地方菜
1419,杭州,32,5,0,1,0,美食,快餐,中式快餐
1421,上海,420,15,3,4,2,美食,快餐,西式快餐
1422,武汉,737,19,3,0,0,美食,其他美食,其他餐饮美食
1424,上海,519,10,3,7,2,美食,快餐,西式快餐
1427,金华,1158,12,2,4,0,美食,小吃,其它小吃
1428,天津,288,12,3,6,2,美食,快餐,西式快餐
1429,杭州,286,10,3,3,2,美食,快餐,中式快餐
1430,北京,823,6,3,0,0,美食,快餐,中式快餐
1431,北京,199,16,4,4,1,美食,烘焙糕点,面包
1432,南京,956,8,3,9,2,美食,快餐,西式快餐
1433,深圳,1109,13,3,1,0,美食,烘焙糕点,其它烘焙糕点
1434,杭州,89,6,2,5,0,美食,快餐,中式快餐
1435,北京,142,14,3,6,2,美食,快餐,西式快餐
1437,广州,541,7,1,4,0,美食,快餐,中式快餐
1438,衢州,893,15,3,13,2,美食,快餐,西式快餐
1439,南京,4,10,3,1,0,美食,休闲食品,生鲜水果
1442,上海,844,15,3,1,0,美食,快餐,其它快餐
1443,南宁,784,5,2,3,0,美食,小吃,米粉/米线
1444,北京,823,12,3,4,0,美食,休闲茶饮,饮品/甜点
1447,北京,402,9,2,1,0,美食,中餐,其它地方菜
1448,东莞,391,16,1,1,0,美食,小吃,米粉/米线
1449,天津,728,14,2,6,2,美食,快餐,西式快餐
1450,北京,750,15,3,6,2,美食,快餐,西式快餐
1451,苏州,503,6,2,2,0,美食,休闲食品,零食
1452,深圳,758,15,3,6,2,美食,快餐,西式快餐
1453,盐城,379,14,3,11,2,美食,快餐,西式快餐
1454,大连,947,3,3,1,0,美食,其他美食,其他餐饮美食
1456,宁波,878,20,2,3,0,美食,中餐,川菜
1457,上海,709,10,2,1,0,美食,休闲食品,生鲜水果
1458,上海,695,8,2,2,2,美食,快餐,中式快餐
1459,珠海,81,13,3,2,1,美食,快餐,西式快餐
1460,杭州,941,20,2,3,2,美食,中餐,江浙菜
1461,杭州,361,8,3,17,2,美食,快餐,西式快餐
1462,济南,38,3,2,2,1,美食,快餐,中式快餐
1463,杭州,815,13,4,2,0,美食,休闲食品,生鲜水果
1464,南京,284,6,4,2,0,美食,小吃,其它小吃
1467,武汉,676,11,3,4,2,美食,烘焙糕点,面包
1469,杭州,485,14,3,20,2,美食,快餐,西式快餐
1470,大连,262,11,4,2,0,美食,休闲茶饮,咖啡
1471,金华,437,15,3,7,2,美食,快餐,西式快餐
1472,杭州,1094,5,4,7,0,美食,休闲茶饮,奶茶
1473,厦门,326,3,4,2,0,美食,休闲茶饮,奶茶
1474,上海,387,10,3,4,2,美食,快餐,西式快餐
1475,潍坊,106,14,3,5,2,美食,快餐,西式快餐
1477,广州,867,7,3,7,2,美食,快餐,西式快餐
1478,绍兴,912,1,4,7,1,美食,休闲茶饮,奶茶
1479,南昌,223,13,2,4,2,美食,快餐,西式快餐
1480,合肥,362,9,3,3,2,美食,烘焙糕点,其它烘焙糕点
1481,杭州,884,3,3,2,2,美食,休闲茶饮,奶茶
1483,厦门,1080,8,3,7,2,美食,快餐,西式快餐
1485,上海,821,13,3,5,2,美食,快餐,西式快餐
1486,广州,228,5,3,0,0,美食,小吃,其它小吃
1487,重庆,754,3,1,1,0,美食,小吃,其它小吃
1489,上海,833,7,3,8,2,美食,快餐,西式快餐
1491,成都,1134,17,3,2,0,美食,烘焙糕点,面包
1492,深圳,991,4,0,1,0,美食,快餐,中式快餐
1493,上海,1127,15,2,0,1,美食,快餐,中式快餐
1494,宁波,763,16,3,3,0,美食,烘焙糕点,面包
1502,广州,973,1,3,3,0,美食,休闲食品,生鲜水果
1503,佛山,567,3,1,2,0,美食,快餐,中式快餐
1504,常州,385,5,2,1,0,美食,小吃,面点
1507,温州,61,8,3,2,0,美食,休闲食品,生鲜水果
1509,重庆,1047,12,3,5,2,美食,快餐,西式快餐
1510,上海,714,11,3,1,2,美食,休闲食品,生鲜水果
1511,南京,399,8,2,3,0,美食,烘焙糕点,其它烘焙糕点
1512,广州,47,15,3,5,2,美食,小吃,其它小吃
1513,黄石,671,13,2,6,2,美食,快餐,西式快餐
1514,温州,936,1,3,1,0,美食,小吃,其它小吃
1517,北京,655,14,3,6,2,美食,快餐,西式快餐
1519,杭州,749,12,3,5,2,美食,休闲食品,生鲜水果
1521,杭州,382,8,0,1,0,美食,快餐,中式快餐
1523,江门,918,2,1,1,0,美食,烘焙糕点,面包
1524,武汉,37,13,3,10,2,美食,快餐,西式快餐
1525,南宁,636,10,2,4,0,美食,小吃,面点
1526,南京,176,3,4,1,0,美食,烘焙糕点,面包
1527,深圳,1057,12,2,4,2,美食,快餐,西式快餐
1529,珠海,50,1,3,2,0,美食,休闲茶饮,奶茶
1530,惠州,83,13,2,6,2,美食,快餐,西式快餐
1531,上海,134,15,3,2,0,美食,烘焙糕点,面包
1532,深圳,813,7,2,1,1,美食,烘焙糕点,面包
1533,北京,319,18,3,10,2,美食,快餐,中式快餐
1537,信阳,1025,15,3,7,2,美食,快餐,西式快餐
1539,宁波,245,20,4,6,2,美食,火锅,川味/重庆火锅
1540,扬州,1153,11,2,11,2,美食,快餐,西式快餐
1541,长沙,718,14,2,4,2,美食,快餐,西式快餐
1542,厦门,471,9,3,3,2,美食,快餐,西式快餐
1546,北京,331,18,4,2,0,美食,小吃,其它小吃
1547,南京,434,20,2,3,1,美食,中餐,其它地方菜
1548,沈阳,143,1,0,0,0,美食,快餐,中式快餐
1549,杭州,901,10,3,1,0,美食,休闲食品,生鲜水果
1550,上海,950,7,2,1,0,美食,休闲食品,生鲜水果
1551,上海,709,9,3,3,2,美食,快餐,中式快餐
1552,福州,876,8,2,4,2,美食,快餐,西式快餐
1553,南宁,793,13,3,9,2,美食,快餐,西式快餐
1554,杭州,250,1,3,1,0,美食,小吃,面点
1555,南京,210,12,3,4,2,美食,烘焙糕点,面包
1556,漳州,307,1,2,1,0,美食,快餐,中式快餐
1557,嘉兴,92,13,3,18,2,美食,快餐,西式快餐
1558,杭州,1093,6,3,2,0,美食,休闲茶饮,奶茶
1559,武汉,435,16,2,4,2,美食,小吃,其它小吃
1560,舟山,169,14,3,14,2,美食,快餐,西式快餐
1561,上海,924,12,2,1,0,美食,快餐,中式快餐
1562,苏州,613,8,3,1,0,美食,休闲食品,零食
1563,苏州,1049,18,3,1,0,美食,休闲食品,生鲜水果
1564,宁波,279,13,3,8,2,美食,快餐,西式快餐
1565,杭州,865,12,3,1,0,美食,休闲食品,生鲜水果
1567,上海,642,17,4,1,0,美食,快餐,西式快餐
1568,武汉,831,12,3,13,2,美食,快餐,西式快餐
1569,珠海,999,1,3,2,0,美食,休闲食品,生鲜水果
1571,温州,7,1,2,0,0,美食,休闲茶饮,奶茶
1572,武汉,1024,11,3,2,1,美食,烘焙糕点,蛋糕
1574,无锡,896,12,3,5,2,美食,快餐,西式快餐
1576,佛山,698,7,3,5,2,美食,快餐,西式快餐
1577,沈阳,920,6,4,3,2,美食,快餐,西式快餐
1578,郑州,1151,1,1,0,0,美食,中餐,其它地方菜
1579,南京,399,20,3,2,0,美食,中餐,其它地方菜
1581,重庆,803,8,3,5,2,美食,休闲茶饮,饮品/甜点
1582,苏州,306,11,3,6,2,美食,快餐,西式快餐
1583,上海,630,9,3,10,2,美食,快餐,西式快餐
1585,北京,388,12,2,1,0,美食,小吃,面点
1586,石河子,54,16,3,5,2,美食,快餐,西式快餐
1587,宁德,1133,16,3,1,0,美食,烘焙糕点,蛋糕
1588,佛山,292,8,3,5,2,美食,快餐,西式快餐
1589,上海,1003,6,4,3,0,美食,休闲茶饮,奶茶
1590,杭州,1046,8,2,2,2,美食,休闲食品,生鲜水果
1591,成都,151,5,3,2,0,美食,快餐,中式快餐
1592,郑州,799,13,3,6,2,美食,快餐,西式快餐
1593,绵阳,241,13,2,6,2,美食,快餐,西式快餐
1594,上海,1032,13,2,3,1,美食,快餐,西式快餐
1595,福州,226,19,2,2,0,美食,中餐,其它地方菜
1596,南京,583,1,3,2,0,美食,小吃,面点
1597,深圳,195,4,1,1,0,美食,快餐,中式快餐
1599,上海,554,15,3,1,0,美食,小吃,其它小吃
1600,广州,552,16,1,2,0,美食,快餐,中式快餐
1601,杭州,40,14,3,1,2,美食,休闲食品,生鲜水果
1602,常州,452,12,3,5,2,美食,快餐,西式快餐
1603,南京,1126,8,3,3,0,美食,小吃,其它小吃
1604,武汉,905,17,3,1,2,美食,休闲食品,零食
1606,广州,552,16,2,3,0,美食,中餐,其它地方菜
1607,南通,238,15,3,1,1,美食,快餐,西式快餐
1608,昆明,509,3,2,1,0,美食,休闲食品,生鲜水果
1609,杭州,124,13,3,3,2,美食,休闲食品,生鲜水果
1610,杭州,378,5,3,2,0,美食,烘焙糕点,蛋糕
1618,深圳,12,14,2,9,2,美食,快餐,西式快餐
1619,上海,501,6,3,4,0,美食,休闲茶饮,奶茶
1620,厦门,1107,2,1,0,0,美食,快餐,中式快餐
1621,广州,710,1,3,3,0,美食,休闲茶饮,饮品/甜点
1623,常州,121,12,3,20,2,美食,快餐,西式快餐
1624,杭州,621,13,3,20,2,美食,快餐,西式快餐
1626,杭州,280,5,3,2,0,美食,其他美食,自助餐
1627,南京,972,8,3,7,2,美食,快餐,西式快餐
1628,杭州,1094,9,2,3,2,美食,中餐,江浙菜
1630,南京,953,5,3,1,0,美食,小吃,其它小吃
1631,广州,335,4,2,6,0,美食,休闲食品,生鲜水果
1633,重庆,178,6,3,5,0,美食,汤/粥/煲/砂锅/炖菜,砂锅/煲类/炖菜
1635,泰州,785,12,3,2,2,美食,休闲茶饮,饮品/甜点
1636,北京,137,6,3,2,0,美食,快餐,中式快餐
1637,上海,882,5,1,3,0,美食,快餐,中式快餐
1638,上海,694,10,3,2,0,美食,烘焙糕点,蛋糕
1639,上海,1054,20,2,3,2,美食,其他美食,西餐
1640,上海,1061,8,2,1,0,美食,休闲食品,生鲜水果
1641,杭州,280,14,3,1,0,美食,小吃,米粉/米线
1642,广州,552,7,3,5,0,美食,烘焙糕点,其它烘焙糕点
1643,东莞,162,7,3,3,2,美食,快餐,西式快餐
1644,广州,11,13,3,7,2,美食,烘焙糕点,面包
1645,南京,161,5,3,2,0,美食,休闲茶饮,奶茶
1646,玉林,1089,15,2,7,2,美食,快餐,西式快餐
1647,上海,457,12,3,12,2,美食,快餐,西式快餐
1649,宜昌,483,13,2,4,2,美食,快餐,西式快餐
1650,重庆,748,1,2,1,0,美食,休闲茶饮,咖啡
1651,广州,47,10,2,4,2,美食,快餐,西式快餐
1652,广州,448,8,3,1,0,美食,烘焙糕点,面包
1654,广州,552,20,1,2,0,美食,中餐,其它地方菜
1655,广州,552,14,2,2,0,美食,快餐,中式快餐
1656,杭州,521,9,3,1,0,美食,小吃,其它小吃
1658,北京,713,7,4,10,2,美食,休闲茶饮,饮品/甜点
1659,嘉兴,302,11,2,4,1,美食,快餐,中式快餐
1660,南昌,351,16,1,5,2,美食,快餐,西式快餐
1662,广州,242,12,2,7,2,美食,快餐,西式快餐
1664,广州,883,17,3,5,2,美食,小吃,其它小吃
1667,广州,552,7,3,15,2,美食,休闲茶饮,饮品/甜点
1668,上海,937,4,4,5,0,美食,休闲茶饮,饮品/甜点
1670,南京,680,20,4,10,2,美食,火锅,川味/重庆火锅
1671,福州,651,9,2,0,0,美食,小吃,其它小吃
1672,武汉,831,16,3,6,2,美食,小吃,其它小吃
1674,温州,585,3,3,1,0,美食,小吃,其它小吃
1675,杭州,850,13,3,1,0,美食,休闲茶饮,咖啡
1677,济南,23,20,4,7,2,美食,火锅,川味/重庆火锅
1678,南京,1155,15,1,1,0,美食,快餐,中式快餐
1679,成都,345,7,1,2,0,美食,快餐,中式快餐
1681,苏州,48,4,3,1,0,美食,休闲茶饮,奶茶
1682,济南,682,7,3,6,2,美食,快餐,西式快餐
1683,上海,626,17,2,2,1,美食,快餐,中式快餐
1684,北京,610,9,3,2,1,美食,烘焙糕点,面包
1685,北京,331,3,1,0,0,美食,快餐,中式快餐
1688,珠海,999,2,3,1,0,美食,快餐,中式快餐
1689,广州,807,12,2,8,2,美食,快餐,西式快餐
1690,福州,122,7,3,8,2,美食,快餐,西式快餐
1691,厦门,955,2,2,1,0,美食,休闲茶饮,饮品/甜点
1693,苏州,663,6,2,2,0,美食,休闲食品,生鲜水果
1694,杭州,740,3,2,0,0,美食,休闲茶饮,饮品/甜点
1697,上海,921,5,3,3,0,美食,休闲茶饮,奶茶
1698,武汉,209,1,1,0,0,美食,快餐,中式快餐
1699,上海,647,9,1,2,2,美食,快餐,中式快餐
1700,武汉,435,3,2,1,0,美食,小吃,面点
1701,深圳,79,9,3,4,0,美食,快餐,中式快餐
1703,南京,971,15,1,2,0,美食,小吃,其它小吃
1704,上海,809,8,1,4,0,美食,快餐,西式快餐
1705,上海,545,4,4,2,0,美食,休闲茶饮,奶茶
1707,杭州,485,1,3,2,0,美食,小吃,面点
1712,深圳,594,7,2,4,2,美食,快餐,西式快餐
1713,杭州,110,10,3,1,0,美食,烘焙糕点,面包
1714,深圳,1068,3,0,2,0,美食,快餐,中式快餐
1715,深圳,733,20,2,1,1,美食,火锅,其它火锅
1716,杭州,378,7,3,3,0,美食,小吃,面点
1718,南京,680,10,3,2,1,美食,小吃,熟食
1719,杭州,386,3,3,2,0,美食,快餐,中式快餐
1720,广州,155,10,2,13,1,美食,中餐,粤菜
1721,成都,508,2,3,1,0,美食,中餐,其它地方菜
1723,广州,295,8,3,5,2,美食,快餐,西式快餐
1724,苏州,933,1,2,1,0,美食,小吃,面点
1725,金华,201,2,4,2,0,美食,休闲茶饮,饮品/甜点
1727,北京,826,12,3,5,0,美食,快餐,中式快餐
1729,宁波,1132,8,4,3,0,美食,休闲茶饮,奶茶
1730,武汉,1030,19,2,4,2,美食,其他美食,西餐
1731,北京,381,4,3,1,0,美食,快餐,中式快餐
1732,南京,17,12,3,4,0,美食,烘焙糕点,其它烘焙糕点
1733,成都,741,3,3,1,0,美食,休闲食品,其它休闲食品
1735,北京,1066,14,4,7,2,美食,快餐,西式快餐
1736,营口,555,13,4,4,2,美食,快餐,西式快餐
1737,上海,417,12,3,1,0,美食,小吃,其它小吃
1739,上海,609,10,2,2,0,美食,小吃,其它小吃
1742,上海,662,8,2,0,0,美食,小吃,面点
1744,济南,24,14,4,9,2,美食,快餐,西式快餐
1745,杭州,287,13,3,20,2,美食,快餐,西式快餐
1746,上海,640,6,2,0,1,美食,快餐,中式快餐
1747,厦门,59,19,2,1,0,美食,其他美食,日韩料理
1748,黄山,986,13,3,7,2,美食,快餐,西式快餐
1749,上海,544,11,3,0,0,美食,烘焙糕点,面包
1750,宁波,410,12,3,6,2,美食,快餐,西式快餐
1754,广州,448,12,3,1,0,美食,休闲食品,生鲜水果
1755,苏州,946,4,3,2,0,美食,休闲茶饮,奶茶
1756,北京,135,16,3,5,2,美食,中餐,川菜
1758,济南,682,12,3,5,2,美食,快餐,西式快餐
1760,泉州,444,9,3,6,2,美食,休闲茶饮,饮品/甜点
1761,南京,399,20,2,4,2,美食,其他美食,西餐
1762,北京,331,4,0,1,0,美食,快餐,中式快餐
1763,北京,160,12,3,10,2,美食,快餐,西式快餐
1765,宁波,245,8,3,1,0,美食,烘焙糕点,蛋糕
1769,温州,936,1,4,1,0,美食,休闲茶饮,奶茶
1771,无锡,180,3,1,1,0,美食,快餐,中式快餐
1772,武汉,324,16,0,1,0,美食,小吃,其它小吃
1775,杭州,895,12,3,18,2,美食,快餐,西式快餐
1776,上海,157,11,3,6,2,美食,快餐,西式快餐
1777,杭州,629,10,1,1,0,美食,快餐,中式快餐
1779,北京,86,10,3,11,2,美食,快餐,西式快餐
1781,深圳,862,13,2,2,1,美食,快餐,中式快餐
1784,广州,36,8,2,11,2,美食,快餐,西式快餐
1786,绍兴,219,1,4,1,0,美食,休闲茶饮,奶茶
1787,杭州,386,2,4,1,0,美食,休闲茶饮,奶茶
1788,绍兴,1040,3,4,1,0,美食,汤/粥/煲/砂锅/炖菜,粥
1789,武汉,606,4,2,1,0,美食,快餐,中式快餐
1790,北京,77,9,3,10,2,美食,快餐,西式快餐
1791,大连,13,12,3,6,2,美食,快餐,西式快餐
1792,宁波,1051,17,3,2,2,美食,休闲食品,零食
1795,深圳,424,10,2,4,0,美食,快餐,中式快餐
1796,南京,680,9,3,5,0,美食,其他美食,日韩料理
1797,上海,1033,2,2,1,1,美食,烘焙糕点,蛋糕
1798,台州,5,10,3,0,0,美食,快餐,中式快餐
1799,温州,1002,1,4,1,0,美食,休闲食品,生鲜水果
1800,哈尔滨,514,16,1,4,2,美食,快餐,西式快餐
1801,南京,399,20,2,5,2,美食,其他美食,西餐
1803,南通,1090,4,3,2,0,美食,休闲食品,生鲜水果
1804,苏州,654,15,3,8,2,美食,快餐,西式快餐
1805,惠州,83,12,2,6,2,美食,快餐,西式快餐
1807,金华,735,15,3,12,2,美食,快餐,西式快餐
1808,漳州,307,2,3,0,0,美食,小吃,面点
1809,北京,1043,11,2,9,2,美食,快餐,西式快餐
1810,福州,425,8,3,1,0,美食,休闲食品,零食
1812,西安,2,14,3,4,2,美食,快餐,西式快餐
1813,南京,231,3,3,1,0,美食,休闲茶饮,奶茶
1814,南京,575,7,0,1,0,美食,快餐,中式快餐
1816,广州,883,16,1,1,0,美食,休闲茶饮,咖啡
1817,广州,335,10,2,10,2,美食,快餐,西式快餐
1818,绍兴,634,2,4,1,0,美食,休闲食品,其它休闲食品
1819,无锡,177,12,2,2,1,美食,快餐,中式快餐
1820,宁波,299,13,3,8,2,美食,快餐,西式快餐
1822,广州,853,7,1,1,0,美食,快餐,中式快餐
1823,广州,36,20,4,8,2,美食,火锅,川味/重庆火锅
1824,武汉,416,17,3,1,2,美食,休闲食品,零食
1825,西安,1073,2,0,0,0,美食,快餐,中式快餐
1827,上海,153,16,3,1,0,美食,小吃,面点
1828,广州,392,5,3,3,0,美食,休闲茶饮,奶茶
1829,广州,459,11,2,14,2,美食,快餐,西式快餐
1830,孝感,20,15,2,4,2,美食,快餐,西式快餐
1831,深圳,105,3,0,5,0,美食,快餐,中式快餐
1835,上海,642,16,3,1,0,美食,休闲茶饮,咖啡
1837,北京,1101,13,3,5,2,美食,快餐,西式快餐
1840,北京,580,17,3,3,2,美食,小吃,其它小吃
1841,上海,91,9,2,1,2,美食,快餐,中式快餐
1842,杭州,1094,4,3,2,0,美食,休闲食品,生鲜水果
1844,金华,136,10,3,4,2,美食,快餐,西式快餐
1846,上海,694,7,3,2,2,美食,快餐,中式快餐
1851,成都,732,7,2,1,0,美食,快餐,中式快餐
1853,北京,114,8,3,5,2,美食,快餐,西式快餐
1856,深圳,991,7,2,2,0,美食,小吃,米粉/米线
1857,福州,802,2,2,1,0,美食,快餐,中式快餐
1858,武汉,676,3,2,1,0,美食,快餐,中式快餐
1859,广州,853,10,2,11,2,美食,快餐,西式快餐
1860,上海,697,5,3,3,2,美食,休闲茶饮,奶茶
1861,杭州,1093,4,3,4,2,美食,休闲茶饮,奶茶
1862,上海,937,9,3,2,1,美食,休闲茶饮,冰激凌
1863,杭州,485,7,3,0,0,美食,小吃,面点
1865,杭州,250,18,1,2,0,美食,小吃,其它小吃
1866,重庆,116,1,3,0,0,美食,休闲食品,生鲜水果
1867,宁波,436,14,3,1,0,美食,中餐,海鲜
1868,福州,41,12,3,3,2,美食,休闲茶饮,饮品/甜点
1870,上海,662,15,2,2,1,美食,快餐,中式快餐
1871,济宁,989,13,3,4,2,美食,快餐,西式快餐
1873,杭州,182,2,4,1,0,美食,小吃,其它小吃
1874,南通,525,16,2,8,2,美食,快餐,西式快餐
1876,武汉,581,9,3,9,2,美食,快餐,西式快餐
1877,福州,1075,9,3,5,2,美食,休闲茶饮,饮品/甜点
1878,福州,851,2,2,1,0,美食,休闲食品,生鲜水果
1880,南京,73,13,4,3,0,美食,烘焙糕点,蛋糕
1881,福州,408,1,1,2,0,美食,火锅,其它火锅
1882,南通,998,15,3,9,2,美食,快餐,西式快餐
1883,苏州,63,20,4,3,2,美食,火锅,川味/重庆火锅
1884,苏州,990,12,3,7,2,美食,快餐,西式快餐
1885,北京,77,10,3,5,2,美食,快餐,西式快餐
1887,上海,694,5,3,5,2,美食,休闲茶饮,奶茶
1889,北京,916,5,3,0,0,美食,快餐,中式快餐
1891,福州,226,16,0,1,0,美食,快餐,中式快餐
1892,杭州,749,3,3,3,2,美食,休闲茶饮,奶茶
1893,深圳,558,19,1,2,0,美食,火锅,其它火锅
1895,广州,270,5,2,5,0,美食,烘焙糕点,面包
1896,杭州,485,6,3,1,0,美食,休闲食品,生鲜水果
1897,温州,936,1,3,1,0,美食,中餐,东北菜
1898,杭州,1094,10,3,10,2,美食,快餐,西式快餐
1899,合肥,1083,2,3,1,0,美食,快餐,中式快餐
1902,杭州,363,11,3,2,0,美食,休闲食品,生鲜水果
1903,绍兴,1063,14,3,14,2,美食,快餐,西式快餐
1904,宁波,207,1,3,1,0,美食,烘焙糕点,面包
1908,武汉,1024,20,1,1,0,美食,中餐,湖北菜
1909,武汉,416,4,3,2,0,美食,烘焙糕点,面包
1911,天津,625,20,4,8,2,美食,火锅,川味/重庆火锅
1912,无锡,115,12,3,9,2,美食,快餐,西式快餐
1913,天津,728,11,4,3,2,美食,烘焙糕点,蛋糕
1915,北京,322,10,3,3,0,美食,快餐,中式快餐
1917,绍兴,1063,16,4,2,0,美食,烘焙糕点,面包
1918,长沙,967,2,4,3,0,美食,休闲食品,生鲜水果
1919,南宁,820,14,3,5,2,美食,快餐,西式快餐
1923,上海,643,11,2,3,1,美食,烘焙糕点,面包
1924,阜阳,342,14,1,9,2,美食,快餐,西式快餐
1926,深圳,332,6,1,5,1,美食,中餐,粤菜
1927,大连,340,2,3,1,0,美食,休闲食品,生鲜水果
1928,杭州,629,15,2,20,2,美食,快餐,西式快餐
1930,上海,993,7,2,2,2,美食,快餐,中式快餐
1931,深圳,1109,4,0,4,0,美食,快餐,中式快餐
1933,北京,135,18,3,3,2,美食,火锅,其它火锅
1934,衢州,440,15,2,7,2,美食,快餐,西式快餐
1935,嘉兴,393,2,3,3,0,美食,休闲食品,生鲜水果
1936,上海,584,14,2,7,2,美食,快餐,西式快餐
1938,南京,399,19,2,3,2,美食,火锅,其它火锅
1940,佛山,292,11,2,6,2,美食,快餐,西式快餐
1941,南京,215,13,4,4,2,美食,烘焙糕点,面包
1942,徐州,125,15,3,7,2,美食,快餐,西式快餐
1943,武汉,1017,2,4,5,0,美食,烘焙糕点,蛋糕
1945,北京,502,6,4,13,2,美食,休闲茶饮,饮品/甜点
1949,杭州,411,11,4,0,0,美食,休闲食品,生鲜水果
1951,金华,843,15,3,9,2,美食,快餐,西式快餐
1952,莆田,1102,12,2,2,2,美食,休闲茶饮,饮品/甜点
1953,广州,335,19,2,1,0,美食,火锅,川味/重庆火锅
1955,上海,185,12,3,8,2,美食,快餐,西式快餐
1958,沈阳,445,9,3,3,0,美食,休闲食品,生鲜水果
1959,杭州,773,3,3,2,0,美食,休闲食品,零食
1960,烟台,556,7,4,9,2,美食,休闲茶饮,饮品/甜点
1962,苏州,449,15,3,3,0,美食,休闲食品,其它休闲食品
1964,杭州,405,8,2,0,0,美食,快餐,其它快餐
1965,苏州,496,8,2,3,0,美食,休闲食品,生鲜水果
1966,杭州,378,5,2,1,0,美食,小吃,其它小吃
1968,上海,168,20,3,1,0,美食,其他美食,日韩料理
1969,上海,833,7,3,2,0,美食,烘焙糕点,蛋糕
1971,上海,642,6,4,4,0,美食,休闲茶饮,奶茶
1972,广州,842,14,2,5,2,美食,快餐,西式快餐
1974,上海,1127,6,4,3,0,美食,休闲茶饮,奶茶
1975,绍兴,418,9,3,6,0,美食,烘焙糕点,蛋糕
1976,湖州,819,7,2,3,0,美食,小吃,其它小吃
1977,南昌,774,6,3,3,0,美食,快餐,中式快餐
1978,南京,680,8,3,2,0,美食,烘焙糕点,面包
1979,天津,462,15,4,3,0,美食,快餐,其它快餐
1981,南昌,774,2,2,0,0,美食,休闲食品,生鲜水果
1982,潍坊,661,3,2,1,0,美食,快餐,中式快餐
1983,济南,318,1,4,0,0,美食,烘焙糕点,其它烘焙糕点
1984,杭州,1059,7,2,1,0,美食,快餐,中式快餐
1985,上海,1036,15,2,17,2,美食,快餐,西式快餐
1986,广州,60,13,2,8,2,美食,快餐,西式快餐
1987,杭州,850,5,4,3,0,美食,休闲茶饮,奶茶
1989,绍兴,870,15,3,2,2,美食,快餐,西式快餐
1990,郑州,550,12,3,9,2,美食,快餐,西式快餐
1993,南昌,179,4,3,0,0,美食,休闲茶饮,奶茶
1994,上海,478,13,3,3,2,美食,烘焙糕点,面包
1996,南宁,248,6,3,1,0,美食,快餐,中式快餐
1997,上海,924,10,1,2,0,美食,快餐,中式快餐
1998,南通,1090,1,2,2,0,美食,小吃,面点
2000,杭州,378,7,3,2,0,美食,小吃,面点
